year,ward_number,legacy_education,legacy_graduate,legacy_cases,education_raw,graduate_plus,pending_cases,source_url,graduate_disagreement
2012,14,NA,NA,0,Graduate,1,0,https://www.myneta.info/mcd2012/candidate.php?candidate_id=113,NA
2012,3,NA,NA,0,Not Given,NA,0,https://www.myneta.info/mcd2012/candidate.php?candidate_id=420,NA
2012,160,10th Pass,0,0,NA,NA,NA,NA,NA
2012,182,10th Pass,0,0,Graduate,1,0,https://www.myneta.info/mcd2012/candidate.php?candidate_id=313,TRUE
2012,225,Literate,0,0,NA,NA,NA,NA,NA
2012,232,Graduate,1,0,12th Pass,0,0,https://www.myneta.info/mcd2012/candidate.php?candidate_id=363,TRUE
2012,159,Graduate,1,0,Post Graduate,1,0,https://www.myneta.info/mcd2012/candidate.php?candidate_id=567,FALSE
2012,246,NA,NA,0,Graduate Professional,1,1,https://www.myneta.info/mcd2012/candidate.php?candidate_id=377,NA
2012,68,Post Graduate,1,0,12th Pass,0,0,https://www.myneta.info/mcd2012/candidate.php?candidate_id=168,TRUE
2012,175,12th Pass,0,0,Literate,0,0,https://www.myneta.info/mcd2012/candidate.php?candidate_id=306,FALSE
2012,235,8th Pass,0,0,Post Graduate,1,0,https://www.myneta.info/mcd2012/candidate.php?candidate_id=366,TRUE
2012,260,Not Given,NA,0,Post Graduate,1,0,https://www.myneta.info/mcd2012/candidate.php?candidate_id=1706,NA
2012,203,10th Pass,0,0,NA,NA,NA,NA,NA
2012,4,10th Pass,0,0,Not Given,NA,0,https://www.myneta.info/mcd2012/candidate.php?candidate_id=654,NA
2012,93,12th Pass,0,0,Graduate,1,0,https://www.myneta.info/mcd2012/candidate.php?candidate_id=193,TRUE
2012,86,Graduate,1,0,Others,NA,0,https://www.myneta.info/mcd2012/candidate.php?candidate_id=1415,NA
2012,2,Graduate,1,1,Graduate,1,1,https://www.myneta.info/mcd2012/candidate.php?candidate_id=404,FALSE
2012,28,Post Graduate,1,0,NA,NA,NA,NA,NA
2012,83,10th Pass,0,0,10th Pass,0,0,https://www.myneta.info/mcd2012/candidate.php?candidate_id=499,FALSE
2012,27,12th Pass,0,0,NA,NA,NA,NA,NA
2012,253,8th Pass,0,0,Not Given,NA,0,https://www.myneta.info/mcd2012/candidate.php?candidate_id=668,NA
2012,19,Doctorate,1,0,Graduate,1,0,https://www.myneta.info/mcd2012/candidate.php?candidate_id=436,FALSE
2012,5,5th Pass,0,0,12th Pass,0,0,https://www.myneta.info/mcd2012/candidate.php?candidate_id=405,FALSE
2012,176,10th Pass,0,NA,NA,NA,NA,NA,NA
2012,156,8th Pass,0,3,Post Graduate,1,2,https://www.myneta.info/mcd2012/candidate.php?candidate_id=563,TRUE
2012,141,Literate,0,0,Graduate,1,0,https://www.myneta.info/mcd2012/candidate.php?candidate_id=553,TRUE
2012,128,Graduate Professional,1,0,10th Pass,0,0,https://www.myneta.info/mcd2012/candidate.php?candidate_id=2145,TRUE
2012,254,10th Pass,0,0,NA,NA,NA,NA,NA
2012,23,8th Pass,0,0,10th Pass,0,0,https://www.myneta.info/mcd2012/candidate.php?candidate_id=126,FALSE
2012,7,Graduate,1,0,10th Pass,0,0,https://www.myneta.info/mcd2012/candidate.php?candidate_id=423,TRUE
2012,80,Graduate,1,0,Graduate,1,0,https://www.myneta.info/mcd2012/candidate.php?candidate_id=180,FALSE
2012,249,Post Graduate,1,0,8th Pass,0,0,https://www.myneta.info/mcd2012/candidate.php?candidate_id=1906,TRUE
2012,174,12th Pass,0,0,Graduate,1,0,https://www.myneta.info/mcd2012/candidate.php?candidate_id=2398,TRUE
2012,133,8th Pass,0,0,Graduate Professional,1,0,https://www.myneta.info/mcd2012/candidate.php?candidate_id=2175,TRUE
2012,189,Post Graduate,1,0,8th Pass,0,0,https://www.myneta.info/mcd2012/candidate.php?candidate_id=320,TRUE
2012,190,10th Pass,0,0,Graduate Professional,1,0,https://www.myneta.info/mcd2012/candidate.php?candidate_id=597,TRUE
2012,129,NA,NA,0,Graduate,1,0,https://www.myneta.info/mcd2012/candidate.php?candidate_id=541,NA
2012,180,8th Pass,0,0,Post Graduate,1,0,https://www.myneta.info/mcd2012/candidate.php?candidate_id=587,TRUE
2012,210,8th Pass,0,1,Graduate,1,1,https://www.myneta.info/mcd2012/candidate.php?candidate_id=620,TRUE
2012,153,8th Pass,0,1,Post Graduate,1,1,https://www.myneta.info/mcd2012/candidate.php?candidate_id=246,TRUE
2012,178,Post Graduate,1,1,10th Pass,0,1,https://www.myneta.info/mcd2012/candidate.php?candidate_id=585,TRUE
2012,76,5th Pass,0,0,Graduate,1,0,https://www.myneta.info/mcd2012/candidate.php?candidate_id=1697,TRUE
2012,92,12th Pass,0,0,12th Pass,0,0,https://www.myneta.info/mcd2012/candidate.php?candidate_id=192,FALSE
2012,233,10th Pass,0,0,8th Pass,0,0,https://www.myneta.info/mcd2012/candidate.php?candidate_id=643,FALSE
2012,13,10th Pass,0,0,Literate,0,0,https://www.myneta.info/mcd2012/candidate.php?candidate_id=430,FALSE
2012,139,10th Pass,0,0,Post Graduate,1,0,https://www.myneta.info/mcd2012/candidate.php?candidate_id=2270,TRUE
2012,240,12th Pass,0,0,8th Pass,0,0,https://www.myneta.info/mcd2012/candidate.php?candidate_id=371,FALSE
2012,241,Graduate,1,0,Post Graduate,1,0,https://www.myneta.info/mcd2012/candidate.php?candidate_id=372,FALSE
2012,245,10th Pass,0,0,Post Graduate,1,0,https://www.myneta.info/mcd2012/candidate.php?candidate_id=660,TRUE
2012,194,8th Pass,0,0,10th Pass,0,0,https://www.myneta.info/mcd2012/candidate.php?candidate_id=325,FALSE
2012,95,Graduate,1,0,10th Pass,0,0,https://www.myneta.info/mcd2012/candidate.php?candidate_id=195,TRUE
2012,12,NA,NA,0,Graduate,1,0,https://www.myneta.info/mcd2012/candidate.php?candidate_id=406,NA
2012,234,10th Pass,0,0,12th Pass,0,0,https://www.myneta.info/mcd2012/candidate.php?candidate_id=646,FALSE
2012,230,10th Pass,0,1,5th Pass,0,2,https://www.myneta.info/mcd2012/candidate.php?candidate_id=1463,FALSE
2012,216,8th Pass,0,1,12th Pass,0,1,https://www.myneta.info/mcd2012/candidate.php?candidate_id=626,FALSE
2012,255,12th Pass,0,0,10th Pass,0,0,https://www.myneta.info/mcd2012/candidate.php?candidate_id=1819,FALSE
2012,231,Graduate,1,0,NA,NA,NA,NA,NA
2012,262,5th Pass,0,0,8th Pass,0,0,https://www.myneta.info/mcd2012/candidate.php?candidate_id=989,FALSE
2012,195,12th Pass,0,NA,Graduate,1,0,https://www.myneta.info/mcd2012/candidate.php?candidate_id=844,TRUE
2012,192,Graduate,1,0,8th Pass,0,0,https://www.myneta.info/mcd2012/candidate.php?candidate_id=323,TRUE
2012,41,10th Pass,0,0,12th Pass,0,0,https://www.myneta.info/mcd2012/candidate.php?candidate_id=142,FALSE
2012,111,Post Graduate,1,0,Graduate,1,0,https://www.myneta.info/mcd2012/candidate.php?candidate_id=523,FALSE
2012,200,Graduate,1,0,Post Graduate,1,0,https://www.myneta.info/mcd2012/candidate.php?candidate_id=2413,FALSE
2012,264,NA,NA,0,Graduate,1,0,https://www.myneta.info/mcd2012/candidate.php?candidate_id=395,NA
2012,122,NA,NA,0,Post Graduate,1,0,https://www.myneta.info/mcd2012/candidate.php?candidate_id=217,NA
2012,164,Illiterate,0,0,Others,NA,0,https://www.myneta.info/mcd2012/candidate.php?candidate_id=295,NA
2012,227,Graduate,1,0,NA,NA,NA,NA,NA
2012,85,8th Pass,0,0,Graduate,1,0,https://www.myneta.info/mcd2012/candidate.php?candidate_id=501,TRUE
2012,74,NA,NA,0,Post Graduate,1,0,https://www.myneta.info/mcd2012/candidate.php?candidate_id=490,NA
2012,151,Literate,0,NA,10th Pass,0,1,https://www.myneta.info/mcd2012/candidate.php?candidate_id=411,FALSE
2012,16,12th Pass,0,0,5th Pass,0,0,https://www.myneta.info/mcd2012/candidate.php?candidate_id=433,FALSE
2012,20,NA,NA,0,12th Pass,0,0,https://www.myneta.info/mcd2012/candidate.php?candidate_id=123,NA
2012,201,5th Pass,0,0,NA,NA,NA,NA,NA
2012,79,5th Pass,0,0,8th Pass,0,0,https://www.myneta.info/mcd2012/candidate.php?candidate_id=1866,FALSE
2012,109,12th Pass,0,3,10th Pass,0,3,https://www.myneta.info/mcd2012/candidate.php?candidate_id=207,FALSE
2012,118,Illiterate,0,0,10th Pass,0,0,https://www.myneta.info/mcd2012/candidate.php?candidate_id=213,FALSE
2012,117,Graduate,1,0,Graduate,1,0,https://www.myneta.info/mcd2012/candidate.php?candidate_id=212,FALSE
2012,259,8th Pass,0,0,NA,NA,NA,NA,NA
2012,8,10th Pass,0,0,Graduate,1,0,https://www.myneta.info/mcd2012/candidate.php?candidate_id=111,TRUE
2012,238,Graduate,1,0,10th Pass,0,0,https://www.myneta.info/mcd2012/candidate.php?candidate_id=369,TRUE
2012,261,Post Graduate,1,0,Post Graduate,1,0,https://www.myneta.info/mcd2012/candidate.php?candidate_id=392,FALSE
2012,135,Illiterate,0,0,8th Pass,0,0,https://www.myneta.info/mcd2012/candidate.php?candidate_id=230,FALSE
2012,196,8th Pass,0,0,12th Pass,0,0,https://www.myneta.info/mcd2012/candidate.php?candidate_id=602,FALSE
2012,213,Graduate,1,0,NA,NA,NA,NA,NA
2012,69,8th Pass,0,0,Graduate,1,0,https://www.myneta.info/mcd2012/candidate.php?candidate_id=169,TRUE
2012,143,NA,NA,0,8th Pass,0,0,https://www.myneta.info/mcd2012/candidate.php?candidate_id=240,NA
2012,29,5th Pass,0,0,10th Pass,0,0,https://www.myneta.info/mcd2012/candidate.php?candidate_id=446,FALSE
2012,100,12th Pass,0,0,12th Pass,0,0,https://www.myneta.info/mcd2012/candidate.php?candidate_id=200,FALSE
2012,266,Literate,0,0,12th Pass,0,0,https://www.myneta.info/mcd2012/candidate.php?candidate_id=397,FALSE
2012,271,Post Graduate,1,0,NA,NA,NA,NA,NA
2012,258,8th Pass,0,0,NA,NA,NA,NA,NA
2012,91,Graduate Professional,1,2,12th Pass,0,2,https://www.myneta.info/mcd2012/candidate.php?candidate_id=191,TRUE
2012,77,12th Pass,0,0,Graduate Professional,1,0,https://www.myneta.info/mcd2012/candidate.php?candidate_id=493,TRUE
2012,157,Post Graduate,1,0,10th Pass,0,0,https://www.myneta.info/mcd2012/candidate.php?candidate_id=564,TRUE
2012,269,10th Pass,0,0,NA,NA,NA,NA,NA
2012,181,Graduate Professional,1,1,12th Pass,0,2,https://www.myneta.info/mcd2012/candidate.php?candidate_id=312,TRUE
2012,140,Post Graduate,1,0,Unknown,NA,0,https://www.myneta.info/mcd2012/candidate.php?candidate_id=235,NA
2012,214,Graduate,1,0,Graduate,1,0,https://www.myneta.info/mcd2012/candidate.php?candidate_id=1170,FALSE
2012,108,5th Pass,0,0,Graduate,1,0,https://www.myneta.info/mcd2012/candidate.php?candidate_id=1115,TRUE
2012,35,8th Pass,0,0,Graduate,1,0,https://www.myneta.info/mcd2012/candidate.php?candidate_id=1056,TRUE
2012,97,NA,NA,0,8th Pass,0,0,https://www.myneta.info/mcd2012/candidate.php?candidate_id=197,NA
2012,75,NA,NA,1,10th Pass,0,1,https://www.myneta.info/mcd2012/candidate.php?candidate_id=491,NA
2012,221,8th Pass,0,3,Graduate Professional,1,3,https://www.myneta.info/mcd2012/candidate.php?candidate_id=352,TRUE
2012,172,Graduate,1,0,NA,NA,NA,NA,NA
2012,63,NA,NA,0,10th Pass,0,0,https://www.myneta.info/mcd2012/candidate.php?candidate_id=163,NA
2012,215,NA,NA,0,Graduate Professional,1,0,https://www.myneta.info/mcd2012/candidate.php?candidate_id=1173,NA
2012,158,Graduate,1,0,Graduate,1,0,https://www.myneta.info/mcd2012/candidate.php?candidate_id=2222,FALSE
2012,229,Literate,0,0,10th Pass,0,0,https://www.myneta.info/mcd2012/candidate.php?candidate_id=360,FALSE
2012,82,10th Pass,0,0,12th Pass,0,0,https://www.myneta.info/mcd2012/candidate.php?candidate_id=1919,FALSE
2012,121,8th Pass,0,1,Graduate Professional,1,1,https://www.myneta.info/mcd2012/candidate.php?candidate_id=216,TRUE
2012,169,Graduate,1,0,10th Pass,0,0,https://www.myneta.info/mcd2012/candidate.php?candidate_id=2352,TRUE
2012,155,8th Pass,0,0,5th Pass,0,0,https://www.myneta.info/mcd2012/candidate.php?candidate_id=562,FALSE
2012,222,8th Pass,0,0,Post Graduate,1,0,https://www.myneta.info/mcd2012/candidate.php?candidate_id=353,TRUE
2012,18,NA,NA,0,10th Pass,0,1,https://www.myneta.info/mcd2012/candidate.php?candidate_id=407,NA
2012,183,5th Pass,0,0,8th Pass,0,0,https://www.myneta.info/mcd2012/candidate.php?candidate_id=2620,FALSE
2012,207,NA,NA,0,10th Pass,0,0,https://www.myneta.info/mcd2012/candidate.php?candidate_id=1025,NA
2012,148,8th Pass,0,1,Graduate Professional,1,1,https://www.myneta.info/mcd2012/candidate.php?candidate_id=245,TRUE
2012,104,10th Pass,0,0,10th Pass,0,0,https://www.myneta.info/mcd2012/candidate.php?candidate_id=773,FALSE
2012,147,Post Graduate,1,0,12th Pass,0,0,https://www.myneta.info/mcd2012/candidate.php?candidate_id=1680,TRUE
2012,113,Literate,0,0,Post Graduate,1,0,https://www.myneta.info/mcd2012/candidate.php?candidate_id=210,TRUE
2012,144,8th Pass,0,0,Graduate,1,0,https://www.myneta.info/mcd2012/candidate.php?candidate_id=1614,TRUE
2012,78,8th Pass,0,0,10th Pass,0,0,https://www.myneta.info/mcd2012/candidate.php?candidate_id=494,FALSE
2012,115,NA,NA,1,12th Pass,0,1,https://www.myneta.info/mcd2012/candidate.php?candidate_id=417,NA
2012,9,Others,NA,0,10th Pass,0,0,https://www.myneta.info/mcd2012/candidate.php?candidate_id=426,NA
2012,161,Graduate,1,0,Graduate,1,0,https://www.myneta.info/mcd2012/candidate.php?candidate_id=292,FALSE
2012,218,Graduate,1,0,Literate,0,0,https://www.myneta.info/mcd2012/candidate.php?candidate_id=349,TRUE
2012,130,8th Pass,0,1,8th Pass,0,1,https://www.myneta.info/mcd2012/candidate.php?candidate_id=542,FALSE
2012,47,Post Graduate,1,0,Graduate,1,1,https://www.myneta.info/mcd2012/candidate.php?candidate_id=1951,FALSE
2012,46,8th Pass,0,0,12th Pass,0,0,https://www.myneta.info/mcd2012/candidate.php?candidate_id=463,FALSE
2012,38,10th Pass,0,0,NA,NA,NA,NA,NA
2012,48,12th Pass,0,0,Graduate,1,0,https://www.myneta.info/mcd2012/candidate.php?candidate_id=1965,TRUE
2012,98,12th Pass,0,0,Others,NA,0,https://www.myneta.info/mcd2012/candidate.php?candidate_id=198,NA
2012,136,10th Pass,0,0,12th Pass,0,0,https://www.myneta.info/mcd2012/candidate.php?candidate_id=231,FALSE
2012,252,NA,NA,1,NA,NA,NA,NA,NA
2012,209,10th Pass,0,0,Unknown,NA,0,https://www.myneta.info/mcd2012/candidate.php?candidate_id=619,NA
2012,219,5th Pass,0,2,10th Pass,0,3,https://www.myneta.info/mcd2012/candidate.php?candidate_id=350,FALSE
2012,202,NA,NA,0,NA,NA,NA,NA,NA
2012,170,NA,NA,0,12th Pass,0,0,https://www.myneta.info/mcd2012/candidate.php?candidate_id=2355,NA
2012,119,Not Given,NA,1,8th Pass,0,1,https://www.myneta.info/mcd2012/candidate.php?candidate_id=214,NA
2012,81,Literate,0,0,10th Pass,0,0,https://www.myneta.info/mcd2012/candidate.php?candidate_id=497,FALSE
2012,90,Graduate Professional,1,0,10th Pass,0,0,https://www.myneta.info/mcd2012/candidate.php?candidate_id=506,TRUE
2012,72,5th Pass,0,0,Graduate,1,0,https://www.myneta.info/mcd2012/candidate.php?candidate_id=172,TRUE
2012,125,Graduate Professional,1,0,12th Pass,0,0,https://www.myneta.info/mcd2012/candidate.php?candidate_id=537,TRUE
2012,204,10th Pass,0,0,NA,NA,NA,NA,NA
2012,99,5th Pass,0,1,10th Pass,0,1,https://www.myneta.info/mcd2012/candidate.php?candidate_id=199,FALSE
2012,11,Illiterate,0,0,Doctorate,1,0,https://www.myneta.info/mcd2012/candidate.php?candidate_id=117,TRUE
2012,6,Graduate Professional,1,1,10th Pass,0,1,https://www.myneta.info/mcd2012/candidate.php?candidate_id=6,TRUE
2012,30,8th Pass,0,1,Graduate,1,1,https://www.myneta.info/mcd2012/candidate.php?candidate_id=133,TRUE
2012,166,8th Pass,0,0,NA,NA,NA,NA,NA
2012,268,NA,NA,0,Literate,0,0,https://www.myneta.info/mcd2012/candidate.php?candidate_id=682,NA
2012,52,8th Pass,0,NA,NA,NA,NA,NA,NA
2012,138,Others,NA,0,10th Pass,0,4,https://www.myneta.info/mcd2012/candidate.php?candidate_id=2250,NA
2012,168,Post Graduate,1,1,Graduate,1,1,https://www.myneta.info/mcd2012/candidate.php?candidate_id=299,FALSE
2012,243,NA,NA,0,10th Pass,0,0,https://www.myneta.info/mcd2012/candidate.php?candidate_id=657,NA
2012,110,Post Graduate,1,0,12th Pass,0,0,https://www.myneta.info/mcd2012/candidate.php?candidate_id=208,TRUE
2012,134,Post Graduate,1,0,10th Pass,0,0,https://www.myneta.info/mcd2012/candidate.php?candidate_id=2211,TRUE
2012,43,NA,NA,0,Post Graduate,1,0,https://www.myneta.info/mcd2012/candidate.php?candidate_id=460,NA
2012,31,10th Pass,0,0,12th Pass,0,0,https://www.myneta.info/mcd2012/candidate.php?candidate_id=448,FALSE
2012,152,Graduate Professional,1,NA,12th Pass,0,0,https://www.myneta.info/mcd2012/candidate.php?candidate_id=1086,TRUE
2012,1,Graduate,1,0,12th Pass,0,0,https://www.myneta.info/mcd2012/candidate.php?candidate_id=108,TRUE
2012,126,Post Graduate,1,0,8th Pass,0,0,https://www.myneta.info/mcd2012/candidate.php?candidate_id=2133,TRUE
2012,267,12th Pass,0,1,8th Pass,0,1,https://www.myneta.info/mcd2012/candidate.php?candidate_id=681,FALSE
2012,212,10th Pass,0,0,Not Given,NA,0,https://www.myneta.info/mcd2012/candidate.php?candidate_id=343,NA
2012,96,10th Pass,0,0,Graduate,1,0,https://www.myneta.info/mcd2012/candidate.php?candidate_id=196,TRUE
2012,242,8th Pass,0,0,Graduate,1,0,https://www.myneta.info/mcd2012/candidate.php?candidate_id=373,TRUE
2012,251,12th Pass,0,0,NA,NA,NA,NA,NA
2012,32,10th Pass,0,0,12th Pass,0,0,https://www.myneta.info/mcd2012/candidate.php?candidate_id=1728,FALSE
2012,65,Graduate,1,0,Graduate,1,0,https://www.myneta.info/mcd2012/candidate.php?candidate_id=481,FALSE
2012,34,8th Pass,0,0,10th Pass,0,0,https://www.myneta.info/mcd2012/candidate.php?candidate_id=136,FALSE
2012,154,8th Pass,0,1,Graduate,1,1,https://www.myneta.info/mcd2012/candidate.php?candidate_id=561,TRUE
2012,206,8th Pass,0,0,12th Pass,0,0,https://www.myneta.info/mcd2012/candidate.php?candidate_id=856,FALSE
2012,89,10th Pass,0,0,10th Pass,0,0,https://www.myneta.info/mcd2012/candidate.php?candidate_id=189,FALSE
2012,145,Graduate,1,0,Graduate,1,0,https://www.myneta.info/mcd2012/candidate.php?candidate_id=1644,FALSE
2012,224,12th Pass,0,1,Graduate Professional,1,1,https://www.myneta.info/mcd2012/candidate.php?candidate_id=355,TRUE
2012,58,10th Pass,0,0,Graduate Professional,1,0,https://www.myneta.info/mcd2012/candidate.php?candidate_id=158,TRUE
2012,57,Graduate,1,0,Graduate Professional,1,0,https://www.myneta.info/mcd2012/candidate.php?candidate_id=157,FALSE
2012,220,NA,NA,1,12th Pass,0,3,https://www.myneta.info/mcd2012/candidate.php?candidate_id=351,NA
2012,42,12th Pass,0,0,10th Pass,0,0,https://www.myneta.info/mcd2012/candidate.php?candidate_id=459,FALSE
2012,54,Not Given,NA,0,Graduate,1,0,https://www.myneta.info/mcd2012/candidate.php?candidate_id=155,NA
2012,53,NA,NA,0,10th Pass,0,0,https://www.myneta.info/mcd2012/candidate.php?candidate_id=154,NA
2012,25,Graduate,1,0,NA,NA,NA,NA,NA
2012,33,12th Pass,0,0,8th Pass,0,0,https://www.myneta.info/mcd2012/candidate.php?candidate_id=135,FALSE
2012,228,5th Pass,0,0,NA,NA,NA,NA,NA
2012,36,10th Pass,0,1,Graduate,1,1,https://www.myneta.info/mcd2012/candidate.php?candidate_id=1789,TRUE
2012,198,5th Pass,0,0,Illiterate,0,0,https://www.myneta.info/mcd2012/candidate.php?candidate_id=329,FALSE
2012,103,Graduate,1,0,12th Pass,0,0,https://www.myneta.info/mcd2012/candidate.php?candidate_id=413,TRUE
2012,150,10th Pass,0,NA,5th Pass,0,0,https://www.myneta.info/mcd2012/candidate.php?candidate_id=616,FALSE
2012,184,5th Pass,0,1,10th Pass,0,1,https://www.myneta.info/mcd2012/candidate.php?candidate_id=315,FALSE
2012,88,12th Pass,0,0,8th Pass,0,0,https://www.myneta.info/mcd2012/candidate.php?candidate_id=188,FALSE
2012,44,Not Given,NA,1,Graduate,1,1,https://www.myneta.info/mcd2012/candidate.php?candidate_id=145,NA
2012,167,10th Pass,0,0,10th Pass,0,0,https://www.myneta.info/mcd2012/candidate.php?candidate_id=2339,FALSE
2012,236,NA,NA,1,10th Pass,0,0,https://www.myneta.info/mcd2012/candidate.php?candidate_id=648,NA
2012,102,Not Given,NA,0,Others,NA,0,https://www.myneta.info/mcd2012/candidate.php?candidate_id=517,NA
2012,142,NA,NA,0,10th Pass,0,0,https://www.myneta.info/mcd2012/candidate.php?candidate_id=1587,NA
2012,101,Illiterate,0,0,Graduate,1,0,https://www.myneta.info/mcd2012/candidate.php?candidate_id=201,TRUE
2012,149,10th Pass,0,NA,12th Pass,0,0,https://www.myneta.info/mcd2012/candidate.php?candidate_id=409,FALSE
2012,105,10th Pass,0,2,12th Pass,0,2,https://www.myneta.info/mcd2012/candidate.php?candidate_id=204,FALSE
2012,87,Illiterate,0,0,8th Pass,0,0,https://www.myneta.info/mcd2012/candidate.php?candidate_id=186,FALSE
2012,247,8th Pass,0,0,Graduate,1,0,https://www.myneta.info/mcd2012/candidate.php?candidate_id=378,TRUE
2012,62,Graduate,1,0,12th Pass,0,0,https://www.myneta.info/mcd2012/candidate.php?candidate_id=478,TRUE
2012,70,12th Pass,0,1,Graduate,1,1,https://www.myneta.info/mcd2012/candidate.php?candidate_id=170,TRUE
2012,59,5th Pass,0,0,10th Pass,0,0,https://www.myneta.info/mcd2012/candidate.php?candidate_id=475,FALSE
2012,22,NA,NA,0,Post Graduate,1,0,https://www.myneta.info/mcd2012/candidate.php?candidate_id=439,NA
2012,21,12th Pass,0,0,Graduate,1,0,https://www.myneta.info/mcd2012/candidate.php?candidate_id=124,TRUE
2012,50,Graduate,1,0,Doctorate,1,0,https://www.myneta.info/mcd2012/candidate.php?candidate_id=151,FALSE
2012,51,Graduate,1,0,Graduate,1,0,https://www.myneta.info/mcd2012/candidate.php?candidate_id=152,FALSE
2012,49,12th Pass,0,1,Graduate,1,1,https://www.myneta.info/mcd2012/candidate.php?candidate_id=150,TRUE
2012,45,Graduate,1,0,5th Pass,0,0,https://www.myneta.info/mcd2012/candidate.php?candidate_id=146,TRUE
2012,137,NA,NA,0,Post Graduate,1,0,https://www.myneta.info/mcd2012/candidate.php?candidate_id=2243,NA
2012,263,Post Graduate,1,1,Post Graduate,1,1,https://www.myneta.info/mcd2012/candidate.php?candidate_id=394,FALSE
2012,146,10th Pass,0,1,10th Pass,0,1,https://www.myneta.info/mcd2012/candidate.php?candidate_id=243,FALSE
2012,163,12th Pass,0,0,Graduate,1,0,https://www.myneta.info/mcd2012/candidate.php?candidate_id=294,TRUE
2012,131,Graduate Professional,1,0,Post Graduate,1,0,https://www.myneta.info/mcd2012/candidate.php?candidate_id=2161,FALSE
2012,132,12th Pass,0,0,5th Pass,0,0,https://www.myneta.info/mcd2012/candidate.php?candidate_id=2169,FALSE
2012,26,12th Pass,0,0,NA,NA,NA,NA,NA
2012,173,8th Pass,0,1,Graduate,1,1,https://www.myneta.info/mcd2012/candidate.php?candidate_id=304,TRUE
2012,17,NA,NA,0,NA,NA,NA,NA,NA
2012,71,8th Pass,0,0,12th Pass,0,0,https://www.myneta.info/mcd2012/candidate.php?candidate_id=171,FALSE
2012,177,10th Pass,0,1,Graduate Professional,1,1,https://www.myneta.info/mcd2012/candidate.php?candidate_id=308,TRUE
2012,187,Not Given,NA,NA,8th Pass,0,6,https://www.myneta.info/mcd2012/candidate.php?candidate_id=2558,NA
2012,188,8th Pass,0,0,10th Pass,0,0,https://www.myneta.info/mcd2012/candidate.php?candidate_id=319,FALSE
2012,186,12th Pass,0,0,12th Pass,0,0,https://www.myneta.info/mcd2012/candidate.php?candidate_id=317,FALSE
2012,15,Illiterate,0,1,10th Pass,0,1,https://www.myneta.info/mcd2012/candidate.php?candidate_id=284,FALSE
2012,208,12th Pass,0,0,NA,NA,NA,NA,NA
2012,60,8th Pass,0,0,Graduate,1,0,https://www.myneta.info/mcd2012/candidate.php?candidate_id=476,TRUE
2012,66,Graduate,1,0,Graduate Professional,1,0,https://www.myneta.info/mcd2012/candidate.php?candidate_id=166,FALSE
2012,237,8th Pass,0,0,5th Pass,0,0,https://www.myneta.info/mcd2012/candidate.php?candidate_id=368,FALSE
2012,191,NA,NA,0,Graduate,1,0,https://www.myneta.info/mcd2012/candidate.php?candidate_id=322,NA
2012,223,NA,NA,0,10th Pass,0,0,https://www.myneta.info/mcd2012/candidate.php?candidate_id=354,NA
2012,64,NA,NA,0,12th Pass,0,0,https://www.myneta.info/mcd2012/candidate.php?candidate_id=164,NA
2012,55,10th Pass,0,0,Graduate,1,0,https://www.myneta.info/mcd2012/candidate.php?candidate_id=1465,TRUE
2012,56,8th Pass,0,0,Post Graduate,1,0,https://www.myneta.info/mcd2012/candidate.php?candidate_id=156,TRUE
2012,73,5th class,0,0,12th Pass,0,0,https://www.myneta.info/mcd2012/candidate.php?candidate_id=173,FALSE
2012,265,Illiterate,0,0,12th Pass,0,0,https://www.myneta.info/mcd2012/candidate.php?candidate_id=396,FALSE
2012,120,10th Pass,0,0,NA,NA,NA,NA,NA
2012,272,10th Pass,0,0,Doctorate,1,0,https://www.myneta.info/mcd2012/candidate.php?candidate_id=403,TRUE
2012,193,10th Pass,0,1,Post Graduate,1,1,https://www.myneta.info/mcd2012/candidate.php?candidate_id=599,TRUE
2012,257,Graduate,1,0,10th Pass,0,0,https://www.myneta.info/mcd2012/candidate.php?candidate_id=671,TRUE
2012,112,Not Given,NA,0,12th Pass,0,0,https://www.myneta.info/mcd2012/candidate.php?candidate_id=524,NA
2012,39,5th Pass,0,0,12th Pass,0,0,https://www.myneta.info/mcd2012/candidate.php?candidate_id=75,FALSE
2012,37,Post Graduate,1,0,8th Pass,0,0,https://www.myneta.info/mcd2012/candidate.php?candidate_id=139,TRUE
2012,40,8th Pass,0,0,Not Given,NA,0,https://www.myneta.info/mcd2012/candidate.php?candidate_id=1851,NA
2012,244,10th Pass,0,0,Literate,0,0,https://www.myneta.info/mcd2012/candidate.php?candidate_id=375,FALSE
2012,106,8th Pass,0,0,NA,NA,NA,NA,NA
2012,199,10th Pass,0,0,10th Pass,0,0,https://www.myneta.info/mcd2012/candidate.php?candidate_id=1042,FALSE
2012,179,12th Pass,0,0,8th Pass,0,0,https://www.myneta.info/mcd2012/candidate.php?candidate_id=2592,FALSE
2012,114,8th Pass,0,0,Post Graduate,1,0,https://www.myneta.info/mcd2012/candidate.php?candidate_id=416,TRUE
2012,10,10th Pass,0,0,Graduate,1,0,https://www.myneta.info/mcd2012/candidate.php?candidate_id=427,TRUE
2012,61,NA,NA,0,8th Pass,0,0,https://www.myneta.info/mcd2012/candidate.php?candidate_id=2009,NA
2012,211,Graduate,1,2,NA,NA,NA,NA,NA
2012,197,Literate,0,1,8th Pass,0,1,https://www.myneta.info/mcd2012/candidate.php?candidate_id=328,FALSE
2012,185,Not Given,NA,0,10th Pass,0,0,https://www.myneta.info/mcd2012/candidate.php?candidate_id=592,NA
2012,270,10th Pass,0,0,NA,NA,NA,NA,NA
2012,84,NA,NA,0,12th Pass,0,0,https://www.myneta.info/mcd2012/candidate.php?candidate_id=1446,NA
2012,127,Not Given,NA,0,Graduate Professional,1,0,https://www.myneta.info/mcd2012/candidate.php?candidate_id=222,NA
2012,171,10th Pass,0,0,Illiterate,0,0,https://www.myneta.info/mcd2012/candidate.php?candidate_id=2388,FALSE
2012,165,Literate,0,0,10th Pass,0,0,https://www.myneta.info/mcd2012/candidate.php?candidate_id=296,FALSE
2012,24,8th Pass,0,0,5th Pass,0,0,https://www.myneta.info/mcd2012/candidate.php?candidate_id=1622,FALSE
2012,124,12th Pass,0,0,10th Pass,0,0,https://www.myneta.info/mcd2012/candidate.php?candidate_id=2454,FALSE
2012,123,Illiterate,0,0,Graduate Professional,1,0,https://www.myneta.info/mcd2012/candidate.php?candidate_id=218,TRUE
2012,116,8th Pass,0,0,Graduate Professional,1,0,https://www.myneta.info/mcd2012/candidate.php?candidate_id=529,TRUE
2012,162,5th Pass,0,0,12th Pass,0,0,https://www.myneta.info/mcd2012/candidate.php?candidate_id=570,FALSE
2012,217,10th Pass,0,0,Literate,0,0,https://www.myneta.info/mcd2012/candidate.php?candidate_id=348,FALSE
2012,107,Post Graduate,1,1,12th Pass,0,1,https://www.myneta.info/mcd2012/candidate.php?candidate_id=1110,TRUE
2012,226,12th Pass,0,0,NA,NA,NA,NA,NA
2012,239,10th Pass,0,0,12th Pass,0,0,https://www.myneta.info/mcd2012/candidate.php?candidate_id=2062,FALSE
2012,67,Graduate,1,0,NA,NA,NA,NA,NA
2012,248,Illiterate,0,0,Graduate Professional,1,0,https://www.myneta.info/mcd2012/candidate.php?candidate_id=379,TRUE
2012,94,Graduate,1,0,10th Pass,0,0,https://www.myneta.info/mcd2012/candidate.php?candidate_id=194,TRUE
2012,256,8th Pass,0,0,12th Pass,0,0,https://www.myneta.info/mcd2012/candidate.php?candidate_id=387,FALSE
2012,250,5th Pass,0,0,NA,NA,NA,NA,NA
2012,205,Graduate,1,4,Graduate,1,4,https://www.myneta.info/mcd2012/candidate.php?candidate_id=611,FALSE
2017,102-S,10th Pass,0,3,10th Pass,0,3,https://www.myneta.info/delhi2017/candidate.php?candidate_id=158,FALSE
2017,17-N,Graduate Professional,1,0,Graduate Professional,1,0,https://www.myneta.info/delhi2017/candidate.php?candidate_id=2446,FALSE
2017,86-N,Graduate,1,3,Graduate,1,3,https://www.myneta.info/delhi2017/candidate.php?candidate_id=2862,FALSE
2017,3-N,10th Pass,0,0,10th Pass,0,0,https://www.myneta.info/delhi2017/candidate.php?candidate_id=137,FALSE
2017,41-N,12th Pass,0,0,12th Pass,0,0,https://www.myneta.info/delhi2017/candidate.php?candidate_id=1368,FALSE
2017,82-N,Post Graduate,1,0,Post Graduate,1,0,https://www.myneta.info/delhi2017/candidate.php?candidate_id=2845,FALSE
2017,18-E,Graduate,1,0,Graduate,1,0,https://www.myneta.info/delhi2017/candidate.php?candidate_id=257,FALSE
2017,22-E,8th Pass,0,0,8th Pass,0,0,https://www.myneta.info/delhi2017/candidate.php?candidate_id=245,FALSE
2017,59-S,Post Graduate,1,0,Post Graduate,1,0,https://www.myneta.info/delhi2017/candidate.php?candidate_id=647,FALSE
2017,36-E,12th Pass,0,0,12th Pass,0,0,https://www.myneta.info/delhi2017/candidate.php?candidate_id=776,FALSE
2017,75-N,Graduate Professional,1,0,Graduate Professional,1,0,https://www.myneta.info/delhi2017/candidate.php?candidate_id=1821,FALSE
2017,73-S,Graduate,1,1,Graduate,1,1,https://www.myneta.info/delhi2017/candidate.php?candidate_id=1215,FALSE
2017,50-E,Graduate,1,0,Graduate,1,0,https://www.myneta.info/delhi2017/candidate.php?candidate_id=2692,FALSE
2017,95-S,8th Pass,0,0,8th Pass,0,0,https://www.myneta.info/delhi2017/candidate.php?candidate_id=1352,FALSE
2017,2-N,12th Pass,0,0,12th Pass,0,0,https://www.myneta.info/delhi2017/candidate.php?candidate_id=1989,FALSE
2017,97-N,Graduate,1,0,Graduate,1,0,https://www.myneta.info/delhi2017/candidate.php?candidate_id=2915,FALSE
2017,90-N,12th Pass,0,0,12th Pass,0,0,https://www.myneta.info/delhi2017/candidate.php?candidate_id=1784,FALSE
2017,5-N,5th Pass,0,0,5th Pass,0,0,https://www.myneta.info/delhi2017/candidate.php?candidate_id=1968,FALSE
2017,24-S,not Given,NA,0,NA,NA,NA,NA,NA
2017,30-N,12th Pass,0,0,12th Pass,0,0,https://www.myneta.info/delhi2017/candidate.php?candidate_id=2655,FALSE
2017,87-N,10th Pass,0,0,10th Pass,0,0,https://www.myneta.info/delhi2017/candidate.php?candidate_id=2863,FALSE
2017,33-N,12th Pass,0,0,12th Pass,0,0,https://www.myneta.info/delhi2017/candidate.php?candidate_id=1059,FALSE
2017,44-E,Post Graduate,1,0,Post Graduate,1,0,https://www.myneta.info/delhi2017/candidate.php?candidate_id=561,FALSE
2017,22-N,12th Pass,0,1,12th Pass,0,0,https://www.myneta.info/delhi2017/candidate.php?candidate_id=2498,FALSE
2017,72-S,8th Pass,0,0,8th Pass,0,0,https://www.myneta.info/delhi2017/candidate.php?candidate_id=1206,FALSE
2017,48-S,10th Pass,0,2,10th Pass,0,0,https://www.myneta.info/delhi2017/candidate.php?candidate_id=2948,FALSE
2017,29-S,10th Pass,0,0,10th Pass,0,0,https://www.myneta.info/delhi2017/candidate.php?candidate_id=2702,FALSE
2017,47-E,Post Graduate,1,0,Post Graduate,1,0,https://www.myneta.info/delhi2017/candidate.php?candidate_id=603,FALSE
2017,27-N,12th Pass,0,0,12th Pass,0,0,https://www.myneta.info/delhi2017/candidate.php?candidate_id=1005,FALSE
2017,7-N,Graduate,1,0,Graduate,1,0,https://www.myneta.info/delhi2017/candidate.php?candidate_id=1959,FALSE
2017,84-N,12th Pass,0,0,12th Pass,0,0,https://www.myneta.info/delhi2017/candidate.php?candidate_id=1714,FALSE
2017,41-E,8th Pass,0,3,8th Pass,0,2,https://www.myneta.info/delhi2017/candidate.php?candidate_id=2578,FALSE
2017,70-S,10th Pass,0,0,10th Pass,0,0,https://www.myneta.info/delhi2017/candidate.php?candidate_id=2571,FALSE
2017,39-S,12th Pass,0,0,12th Pass,0,0,https://www.myneta.info/delhi2017/candidate.php?candidate_id=422,FALSE
2017,88-S,Illiterate,0,0,Illiterate,0,0,https://www.myneta.info/delhi2017/candidate.php?candidate_id=2884,FALSE
2017,87-S,12th Pass,0,0,12th Pass,0,0,https://www.myneta.info/delhi2017/candidate.php?candidate_id=1538,FALSE
2017,83-N,12th Pass,0,0,12th Pass,0,0,https://www.myneta.info/delhi2017/candidate.php?candidate_id=2852,FALSE
2017,30-S,10th Pass,0,0,10th Pass,0,0,https://www.myneta.info/delhi2017/candidate.php?candidate_id=2112,FALSE
2017,74-S,12th Pass,0,0,12th Pass,0,0,https://www.myneta.info/delhi2017/candidate.php?candidate_id=184,FALSE
2017,5-E,Post Graduate,1,0,Post Graduate,1,0,https://www.myneta.info/delhi2017/candidate.php?candidate_id=305,FALSE
2017,55-S,Post Graduate,1,0,Post Graduate,1,0,https://www.myneta.info/delhi2017/candidate.php?candidate_id=2248,FALSE
2017,88-N,12th Pass,0,0,12th Pass,0,0,https://www.myneta.info/delhi2017/candidate.php?candidate_id=2869,FALSE
2017,76-S,12th Pass,0,0,12th Pass,0,0,https://www.myneta.info/delhi2017/candidate.php?candidate_id=948,FALSE
2017,94-N,10th Pass,0,0,10th Pass,0,0,https://www.myneta.info/delhi2017/candidate.php?candidate_id=2898,FALSE
2017,18-N,12th Pass,0,0,12th Pass,0,0,https://www.myneta.info/delhi2017/candidate.php?candidate_id=2457,FALSE
2017,42-S,Post Graduate,1,0,Post Graduate,1,0,https://www.myneta.info/delhi2017/candidate.php?candidate_id=415,FALSE
2017,28-E,12th Pass,0,0,12th Pass,0,0,https://www.myneta.info/delhi2017/candidate.php?candidate_id=324,FALSE
2017,35-E,10th Pass,0,0,10th Pass,0,0,https://www.myneta.info/delhi2017/candidate.php?candidate_id=2414,FALSE
2017,36-S,Graduate,1,0,Graduate,1,0,https://www.myneta.info/delhi2017/candidate.php?candidate_id=2163,FALSE
2017,38-S,Post Graduate,1,0,Post Graduate,1,0,https://www.myneta.info/delhi2017/candidate.php?candidate_id=2178,FALSE
2017,47-S,Graduate,1,0,Graduate,1,0,https://www.myneta.info/delhi2017/candidate.php?candidate_id=396,FALSE
2017,95-N,12th Pass,0,0,12th Pass,0,0,https://www.myneta.info/delhi2017/candidate.php?candidate_id=2908,FALSE
2017,14-N,Graduate Professional,1,0,Graduate Professional,1,0,https://www.myneta.info/delhi2017/candidate.php?candidate_id=928,FALSE
2017,43-E,12th Pass,0,2,12th Pass,0,1,https://www.myneta.info/delhi2017/candidate.php?candidate_id=2636,FALSE
2017,24-E,Graduate Professional,1,0,Graduate Professional,1,0,https://www.myneta.info/delhi2017/candidate.php?candidate_id=2328,FALSE
2017,6-E,not Given,NA,0,NA,NA,NA,NA,NA
2017,46-E,10th Pass,0,0,10th Pass,0,0,https://www.myneta.info/delhi2017/candidate.php?candidate_id=611,FALSE
2017,23-E,Graduate,1,0,Graduate,1,0,https://www.myneta.info/delhi2017/candidate.php?candidate_id=242,FALSE
2017,40-S,10th Pass,0,1,10th Pass,0,1,https://www.myneta.info/delhi2017/candidate.php?candidate_id=2184,FALSE
2017,53-E,10th Pass,0,0,10th Pass,0,0,https://www.myneta.info/delhi2017/candidate.php?candidate_id=728,FALSE
2017,41-S,12th Pass,0,0,12th Pass,0,0,https://www.myneta.info/delhi2017/candidate.php?candidate_id=293,FALSE
2017,91-S,Post Graduate,1,0,Post Graduate,1,0,https://www.myneta.info/delhi2017/candidate.php?candidate_id=1484,FALSE
2017,86-S,Post Graduate,1,2,Post Graduate,1,2,https://www.myneta.info/delhi2017/candidate.php?candidate_id=1338,FALSE
2017,61-N,8th Pass,0,0,8th Pass,0,0,https://www.myneta.info/delhi2017/candidate.php?candidate_id=1623,FALSE
2017,10-S,10th Pass,0,0,10th Pass,0,0,https://www.myneta.info/delhi2017/candidate.php?candidate_id=2270,FALSE
2017,97-S,Post Graduate,1,0,Post Graduate,1,0,https://www.myneta.info/delhi2017/candidate.php?candidate_id=1305,FALSE
2017,92-S,10th Pass,0,0,10th Pass,0,0,https://www.myneta.info/delhi2017/candidate.php?candidate_id=1504,FALSE
2017,55-E,8th Pass,0,0,8th Pass,0,0,https://www.myneta.info/delhi2017/candidate.php?candidate_id=2719,FALSE
2017,21-S,10th Pass,0,1,10th Pass,0,1,https://www.myneta.info/delhi2017/candidate.php?candidate_id=2070,FALSE
2017,62-S,12th Pass,0,1,12th Pass,0,1,https://www.myneta.info/delhi2017/candidate.php?candidate_id=632,FALSE
2017,4-N,Post Graduate,1,0,Post Graduate,1,0,https://www.myneta.info/delhi2017/candidate.php?candidate_id=168,FALSE
2017,19-E,Post Graduate,1,0,Post Graduate,1,0,https://www.myneta.info/delhi2017/candidate.php?candidate_id=2308,FALSE
2017,103-N,8th Pass,0,0,8th Pass,0,0,https://www.myneta.info/delhi2017/candidate.php?candidate_id=1869,FALSE
2017,45-S,Post Graduate,1,0,Post Graduate,1,0,https://www.myneta.info/delhi2017/candidate.php?candidate_id=511,FALSE
2017,21-N,Illiterate,0,0,Illiterate,0,0,https://www.myneta.info/delhi2017/candidate.php?candidate_id=2491,FALSE
2017,98-S,10th Pass,0,0,10th Pass,0,0,https://www.myneta.info/delhi2017/candidate.php?candidate_id=1412,FALSE
2017,85-N,12th Pass,0,0,12th Pass,0,0,https://www.myneta.info/delhi2017/candidate.php?candidate_id=1723,FALSE
2017,16-S,12th Pass,0,0,12th Pass,0,0,https://www.myneta.info/delhi2017/candidate.php?candidate_id=2057,FALSE
2017,15-S,Graduate,1,0,Graduate,1,0,https://www.myneta.info/delhi2017/candidate.php?candidate_id=2331,FALSE
2017,51-E,12th Pass,0,0,12th Pass,0,0,https://www.myneta.info/delhi2017/candidate.php?candidate_id=566,FALSE
2017,8-N,Graduate,1,0,Graduate,1,0,https://www.myneta.info/delhi2017/candidate.php?candidate_id=1953,FALSE
2017,30-E,10th Pass,0,0,10th Pass,0,0,https://www.myneta.info/delhi2017/candidate.php?candidate_id=890,FALSE
2017,52-E,10th Pass,0,0,10th Pass,0,0,https://www.myneta.info/delhi2017/candidate.php?candidate_id=740,FALSE
2017,6-N,Graduate,1,0,Graduate,1,0,https://www.myneta.info/delhi2017/candidate.php?candidate_id=1983,FALSE
2017,35-S,10th Pass,0,0,10th Pass,0,0,https://www.myneta.info/delhi2017/candidate.php?candidate_id=3034,FALSE
2017,90-S,Others,NA,0,Others,NA,0,https://www.myneta.info/delhi2017/candidate.php?candidate_id=1465,NA
2017,8-E,12th Pass,0,0,12th Pass,0,0,https://www.myneta.info/delhi2017/candidate.php?candidate_id=276,FALSE
2017,9-N,Post Graduate,1,0,Post Graduate,1,0,https://www.myneta.info/delhi2017/candidate.php?candidate_id=1940,FALSE
2017,78-N,Post Graduate,1,0,Post Graduate,1,0,https://www.myneta.info/delhi2017/candidate.php?candidate_id=2629,FALSE
2017,35-N,10th Pass,0,0,10th Pass,0,0,https://www.myneta.info/delhi2017/candidate.php?candidate_id=1099,FALSE
2017,26-E,Graduate,1,0,Graduate,1,0,https://www.myneta.info/delhi2017/candidate.php?candidate_id=226,FALSE
2017,49-S,Graduate,1,0,Graduate,1,0,https://www.myneta.info/delhi2017/candidate.php?candidate_id=377,FALSE
2017,99-N,Graduate,1,0,Graduate,1,0,https://www.myneta.info/delhi2017/candidate.php?candidate_id=1759,FALSE
2017,57-E,Graduate,1,0,Graduate,1,0,https://www.myneta.info/delhi2017/candidate.php?candidate_id=2741,FALSE
2017,61-E,Post Graduate,1,0,Post Graduate,1,0,https://www.myneta.info/delhi2017/candidate.php?candidate_id=689,FALSE
2017,49-E,12th Pass,0,0,12th Pass,0,0,https://www.myneta.info/delhi2017/candidate.php?candidate_id=2685,FALSE
2017,92-N,10th Pass,0,0,10th Pass,0,0,https://www.myneta.info/delhi2017/candidate.php?candidate_id=2988,FALSE
2017,58-S,Graduate,1,0,Graduate,1,0,https://www.myneta.info/delhi2017/candidate.php?candidate_id=432,FALSE
2017,12-S,Graduate Professional,1,0,Graduate Professional,1,0,https://www.myneta.info/delhi2017/candidate.php?candidate_id=2034,FALSE
2017,63-E,12th Pass,0,0,12th Pass,0,0,https://www.myneta.info/delhi2017/candidate.php?candidate_id=9,FALSE
2017,81-S,8th Pass,0,0,8th Pass,0,0,https://www.myneta.info/delhi2017/candidate.php?candidate_id=1556,FALSE
2017,8-S,Graduate,1,0,Graduate,1,0,https://www.myneta.info/delhi2017/candidate.php?candidate_id=2032,FALSE
2017,42-N,10th Pass,0,0,10th Pass,0,0,https://www.myneta.info/delhi2017/candidate.php?candidate_id=2737,FALSE
2017,81-N,8th Pass,0,0,8th Pass,0,0,https://www.myneta.info/delhi2017/candidate.php?candidate_id=2839,FALSE
2017,13-E,Post Graduate,1,1,Post Graduate,1,1,https://www.myneta.info/delhi2017/candidate.php?candidate_id=874,FALSE
2017,68-N,12th Pass,0,0,12th Pass,0,0,https://www.myneta.info/delhi2017/candidate.php?candidate_id=1657,FALSE
2017,7-E,5th Pass,0,0,5th Pass,0,0,https://www.myneta.info/delhi2017/candidate.php?candidate_id=282,FALSE
2017,60-S,5th Pass,0,0,5th Pass,0,0,https://www.myneta.info/delhi2017/candidate.php?candidate_id=553,FALSE
2017,21-E,Others,NA,NA,Others,NA,0,https://www.myneta.info/delhi2017/candidate.php?candidate_id=252,NA
2017,67-S,12th Pass,0,0,12th Pass,0,0,https://www.myneta.info/delhi2017/candidate.php?candidate_id=829,FALSE
2017,57-S,Graduate,1,0,Graduate,1,0,https://www.myneta.info/delhi2017/candidate.php?candidate_id=441,FALSE
2017,14-E,8th Pass,0,0,8th Pass,0,0,https://www.myneta.info/delhi2017/candidate.php?candidate_id=882,FALSE
2017,52-N,Graduate,1,0,Graduate,1,0,https://www.myneta.info/delhi2017/candidate.php?candidate_id=1519,FALSE
2017,79-S,12th Pass,0,0,12th Pass,0,0,https://www.myneta.info/delhi2017/candidate.php?candidate_id=962,FALSE
2017,103-S,8th Pass,0,0,8th Pass,0,0,https://www.myneta.info/delhi2017/candidate.php?candidate_id=2983,FALSE
2017,104-S,8th Pass,0,0,8th Pass,0,0,https://www.myneta.info/delhi2017/candidate.php?candidate_id=2974,FALSE
2017,51-S,12th Pass,0,0,12th Pass,0,0,https://www.myneta.info/delhi2017/candidate.php?candidate_id=2963,FALSE
2017,1-S,10th Pass,0,NA,Graduate,1,0,https://www.myneta.info/delhi2017/candidate.php?candidate_id=1994,TRUE
2017,52-S,8th Pass,0,0,8th Pass,0,0,https://www.myneta.info/delhi2017/candidate.php?candidate_id=502,FALSE
2017,14-S,10th Pass,0,0,10th Pass,0,0,https://www.myneta.info/delhi2017/candidate.php?candidate_id=2329,FALSE
2017,50-S,Graduate,1,0,Graduate,1,0,https://www.myneta.info/delhi2017/candidate.php?candidate_id=526,FALSE
2017,13-N,10th Pass,0,0,10th Pass,0,0,https://www.myneta.info/delhi2017/candidate.php?candidate_id=921,FALSE
2017,63-S,Graduate Professional,1,0,Graduate Professional,1,0,https://www.myneta.info/delhi2017/candidate.php?candidate_id=624,FALSE
2017,9-E,10th Pass,0,0,10th Pass,0,0,https://www.myneta.info/delhi2017/candidate.php?candidate_id=2783,FALSE
2017,33-S,12th Pass,0,0,12th Pass,0,0,https://www.myneta.info/delhi2017/candidate.php?candidate_id=2795,FALSE
2017,54-N,Post Graduate,1,0,Post Graduate,1,0,https://www.myneta.info/delhi2017/candidate.php?candidate_id=1583,FALSE
2017,55-N,5th Pass,0,0,5th Pass,0,0,https://www.myneta.info/delhi2017/candidate.php?candidate_id=1571,FALSE
2017,56-N,8th Pass,0,0,8th Pass,0,0,https://www.myneta.info/delhi2017/candidate.php?candidate_id=1593,FALSE
2017,46-N,8th Pass,0,0,8th Pass,0,0,https://www.myneta.info/delhi2017/candidate.php?candidate_id=1407,FALSE
2017,37-S,Graduate,1,0,Graduate,1,0,https://www.myneta.info/delhi2017/candidate.php?candidate_id=213,FALSE
2017,1-E,12th Pass,0,NA,12th Pass,0,0,https://www.myneta.info/delhi2017/candidate.php?candidate_id=2190,FALSE
2017,11-E,Post Graduate,1,1,Post Graduate,1,1,https://www.myneta.info/delhi2017/candidate.php?candidate_id=854,FALSE
2017,68-S,Post Graduate,1,0,Post Graduate,1,0,https://www.myneta.info/delhi2017/candidate.php?candidate_id=817,FALSE
2017,18-S,8th Pass,0,0,8th Pass,0,0,https://www.myneta.info/delhi2017/candidate.php?candidate_id=2053,FALSE
2017,77-N,12th Pass,0,0,12th Pass,0,0,https://www.myneta.info/delhi2017/candidate.php?candidate_id=2623,FALSE
2017,26-S,10th Pass,0,0,10th Pass,0,0,https://www.myneta.info/delhi2017/candidate.php?candidate_id=2100,FALSE
2017,25-S,12th Pass,0,0,12th Pass,0,0,https://www.myneta.info/delhi2017/candidate.php?candidate_id=2091,FALSE
2017,96-S,8th Pass,0,0,8th Pass,0,0,https://www.myneta.info/delhi2017/candidate.php?candidate_id=1326,FALSE
2017,100-N,10th Pass,0,0,10th Pass,0,0,https://www.myneta.info/delhi2017/candidate.php?candidate_id=1857,FALSE
2017,44-N,Post Graduate,1,0,Post Graduate,1,0,https://www.myneta.info/delhi2017/candidate.php?candidate_id=1383,FALSE
2017,15-N,12th Pass,0,0,12th Pass,0,0,https://www.myneta.info/delhi2017/candidate.php?candidate_id=937,FALSE
2017,11-N,8th Pass,0,0,8th Pass,0,0,https://www.myneta.info/delhi2017/candidate.php?candidate_id=2405,FALSE
2017,39-N,Graduate,1,0,Graduate,1,0,https://www.myneta.info/delhi2017/candidate.php?candidate_id=1162,FALSE
2017,66-S,12th Pass,0,1,12th Pass,0,1,https://www.myneta.info/delhi2017/candidate.php?candidate_id=838,FALSE
2017,58-E,Literate,0,0,Literate,0,0,https://www.myneta.info/delhi2017/candidate.php?candidate_id=713,FALSE
2017,43-S,12th Pass,0,0,12th Pass,0,0,https://www.myneta.info/delhi2017/candidate.php?candidate_id=451,FALSE
2017,32-E,10th Pass,0,0,10th Pass,0,0,https://www.myneta.info/delhi2017/candidate.php?candidate_id=789,FALSE
2017,29-N,6th Class,0,0,5th Pass,0,0,https://www.myneta.info/delhi2017/candidate.php?candidate_id=2651,FALSE
2017,34-S,5th Pass,0,0,5th Pass,0,0,https://www.myneta.info/delhi2017/candidate.php?candidate_id=2803,FALSE
2017,37-N,8th Pass,0,0,8th Pass,0,0,https://www.myneta.info/delhi2017/candidate.php?candidate_id=1126,FALSE
2017,49-N,10th Pass,0,0,10th Pass,0,0,https://www.myneta.info/delhi2017/candidate.php?candidate_id=2830,FALSE
2017,104-N,Graduate Professional,1,0,Graduate Professional,1,0,https://www.myneta.info/delhi2017/candidate.php?candidate_id=1878,FALSE
2017,1-N,10th Pass,0,0,10th Pass,0,0,https://www.myneta.info/delhi2017/candidate.php?candidate_id=99,FALSE
2017,27-S,12th Pass,0,0,12th Pass,0,0,https://www.myneta.info/delhi2017/candidate.php?candidate_id=2102,FALSE
2017,59-E,8th Pass,0,0,8th Pass,0,0,https://www.myneta.info/delhi2017/candidate.php?candidate_id=2758,FALSE
2017,4-E,12th Pass,0,0,12th Pass,0,0,https://www.myneta.info/delhi2017/candidate.php?candidate_id=2229,FALSE
2017,34-E,12th Pass,0,0,12th Pass,0,0,https://www.myneta.info/delhi2017/candidate.php?candidate_id=44,FALSE
2017,51-N,Post Graduate,1,0,Post Graduate,1,0,https://www.myneta.info/delhi2017/candidate.php?candidate_id=1491,FALSE
2017,38-N,5th Pass,0,0,5th Pass,0,0,https://www.myneta.info/delhi2017/candidate.php?candidate_id=1148,FALSE
2017,74-N,Graduate,1,0,Graduate,1,0,https://www.myneta.info/delhi2017/candidate.php?candidate_id=1687,FALSE
2017,40-N,10th Pass,0,0,10th Pass,0,0,https://www.myneta.info/delhi2017/candidate.php?candidate_id=1313,FALSE
2017,99-S,5th Pass,0,0,5th Pass,0,0,https://www.myneta.info/delhi2017/candidate.php?candidate_id=1195,FALSE
2017,93-N,8th Pass,0,0,8th Pass,0,0,https://www.myneta.info/delhi2017/candidate.php?candidate_id=2891,FALSE
2017,54-S,12th Pass,0,0,12th Pass,0,0,https://www.myneta.info/delhi2017/candidate.php?candidate_id=469,FALSE
2017,16-E,Graduate,1,0,Graduate,1,0,https://www.myneta.info/delhi2017/candidate.php?candidate_id=889,FALSE
2017,67-N,Graduate,1,0,Graduate,1,0,https://www.myneta.info/delhi2017/candidate.php?candidate_id=2472,FALSE
2017,12-E,Graduate,1,NA,Graduate,1,0,https://www.myneta.info/delhi2017/candidate.php?candidate_id=870,FALSE
2017,50-N,8th Pass,0,0,12th Pass,0,0,https://www.myneta.info/delhi2017/candidate.php?candidate_id=1470,FALSE
2017,64-N,Graduate,1,1,Graduate,1,2,https://www.myneta.info/delhi2017/candidate.php?candidate_id=1829,FALSE
2017,31-N,Graduate,1,0,Graduate,1,0,https://www.myneta.info/delhi2017/candidate.php?candidate_id=2663,FALSE
2017,11-S,8th Pass,0,0,8th Pass,0,0,https://www.myneta.info/delhi2017/candidate.php?candidate_id=2033,FALSE
2017,20-E,Graduate Professional,1,0,Graduate Professional,1,0,https://www.myneta.info/delhi2017/candidate.php?candidate_id=254,FALSE
2017,43-N,12th Pass,0,2,12th Pass,0,2,https://www.myneta.info/delhi2017/candidate.php?candidate_id=2774,FALSE
2017,94-S,12th Pass,0,0,12th Pass,0,0,https://www.myneta.info/delhi2017/candidate.php?candidate_id=1528,FALSE
2017,2-S,Others,NA,0,Others,NA,0,https://www.myneta.info/delhi2017/candidate.php?candidate_id=2002,NA
2017,80-S,12th Pass,0,0,12th Pass,0,0,https://www.myneta.info/delhi2017/candidate.php?candidate_id=970,FALSE
2017,89-N,12th Pass,0,0,12th Pass,0,0,https://www.myneta.info/delhi2017/candidate.php?candidate_id=1745,FALSE
2017,65-S,Others,NA,0,Others,NA,0,https://www.myneta.info/delhi2017/candidate.php?candidate_id=802,NA
2017,27-E,Graduate,1,0,Graduate,1,0,https://www.myneta.info/delhi2017/candidate.php?candidate_id=2346,FALSE
2017,4-S,Graduate Professional,1,0,Graduate Professional,1,0,https://www.myneta.info/delhi2017/candidate.php?candidate_id=2018,FALSE
2017,46-S,Post Graduate,1,0,Post Graduate,1,0,https://www.myneta.info/delhi2017/candidate.php?candidate_id=536,FALSE
2017,3-S,12th Pass,0,0,12th Pass,0,0,https://www.myneta.info/delhi2017/candidate.php?candidate_id=2012,FALSE
2017,102-N,10th Pass,0,1,10th Pass,0,1,https://www.myneta.info/delhi2017/candidate.php?candidate_id=1859,FALSE
2017,5-S,Graduate Professional,1,0,Graduate Professional,1,0,https://www.myneta.info/delhi2017/candidate.php?candidate_id=2022,FALSE
2017,37-E,Graduate Professional,1,0,Graduate Professional,1,0,https://www.myneta.info/delhi2017/candidate.php?candidate_id=476,FALSE
2017,91-N,5th Pass,0,0,5th Pass,0,0,https://www.myneta.info/delhi2017/candidate.php?candidate_id=1796,FALSE
2017,70-N,Graduate Professional,1,0,Graduate Professional,1,0,https://www.myneta.info/delhi2017/candidate.php?candidate_id=1672,FALSE
2017,101-N,Graduate,1,0,Graduate,1,0,https://www.myneta.info/delhi2017/candidate.php?candidate_id=1853,FALSE
2017,19-S,12th Pass,0,0,12th Pass,0,0,https://www.myneta.info/delhi2017/candidate.php?candidate_id=2522,FALSE
2017,66-N,10th Pass,0,0,10th Pass,0,0,https://www.myneta.info/delhi2017/candidate.php?candidate_id=1646,FALSE
2017,36-N,12th Pass,0,0,12th Pass,0,0,https://www.myneta.info/delhi2017/candidate.php?candidate_id=1111,FALSE
2017,96-N,12th Pass,0,0,12th Pass,0,0,https://www.myneta.info/delhi2017/candidate.php?candidate_id=1808,FALSE
2017,28-N,Illiterate,0,0,Illiterate,0,0,https://www.myneta.info/delhi2017/candidate.php?candidate_id=1025,FALSE
2017,24-N,5th Pass,0,0,5th Pass,0,0,https://www.myneta.info/delhi2017/candidate.php?candidate_id=989,FALSE
2017,25-N,Post Graduate,1,0,Post Graduate,1,0,https://www.myneta.info/delhi2017/candidate.php?candidate_id=976,FALSE
2017,32-N,12th Pass,0,0,12th Pass,0,0,https://www.myneta.info/delhi2017/candidate.php?candidate_id=1087,FALSE
2017,34-N,Graduate,1,0,Graduate,1,0,https://www.myneta.info/delhi2017/candidate.php?candidate_id=1073,FALSE
2017,53-N,10th Pass,0,0,10th Pass,0,0,https://www.myneta.info/delhi2017/candidate.php?candidate_id=1564,FALSE
2017,57-N,Graduate,1,0,Graduate,1,0,https://www.myneta.info/delhi2017/candidate.php?candidate_id=1595,FALSE
2017,58-N,12th Pass,0,0,12th Pass,0,0,https://www.myneta.info/delhi2017/candidate.php?candidate_id=1604,FALSE
2017,59-N,Post Graduate,1,0,Post Graduate,1,0,https://www.myneta.info/delhi2017/candidate.php?candidate_id=1611,FALSE
2017,60-N,Graduate,1,0,Graduate,1,0,https://www.myneta.info/delhi2017/candidate.php?candidate_id=1617,FALSE
2017,38-E,5th Pass,0,0,5th Pass,0,0,https://www.myneta.info/delhi2017/candidate.php?candidate_id=770,FALSE
2017,44-S,Graduate Professional,1,0,Graduate Professional,1,0,https://www.myneta.info/delhi2017/candidate.php?candidate_id=486,FALSE
2017,54-E,Others,NA,0,Others,NA,0,https://www.myneta.info/delhi2017/candidate.php?candidate_id=720,NA
2017,80-N,Graduate,1,4,Graduate,1,4,https://www.myneta.info/delhi2017/candidate.php?candidate_id=1697,FALSE
2017,62-E,10th Pass,0,0,10th Pass,0,0,https://www.myneta.info/delhi2017/candidate.php?candidate_id=680,FALSE
2017,53-S,8th Pass,0,0,8th Pass,0,0,https://www.myneta.info/delhi2017/candidate.php?candidate_id=2239,FALSE
2017,61-S,Post Graduate,1,0,Post Graduate,1,0,https://www.myneta.info/delhi2017/candidate.php?candidate_id=587,FALSE
2017,32-S,Graduate,1,0,Graduate,1,0,https://www.myneta.info/delhi2017/candidate.php?candidate_id=2134,FALSE
2017,31-S,Graduate,1,0,Graduate,1,0,https://www.myneta.info/delhi2017/candidate.php?candidate_id=2307,FALSE
2017,71-S,12th Pass,0,0,12th Pass,0,0,https://www.myneta.info/delhi2017/candidate.php?candidate_id=2579,FALSE
2017,22-S,10th Pass,0,0,10th Pass,0,0,https://www.myneta.info/delhi2017/candidate.php?candidate_id=2552,FALSE
2017,23-N,Post Graduate,1,NA,Post Graduate,1,0,https://www.myneta.info/delhi2017/candidate.php?candidate_id=2512,FALSE
2017,76-N,10th Pass,0,0,10th Pass,0,0,https://www.myneta.info/delhi2017/candidate.php?candidate_id=2615,FALSE
2017,77-S,12th Pass,0,0,12th Pass,0,0,https://www.myneta.info/delhi2017/candidate.php?candidate_id=2688,FALSE
2017,78-S,Graduate,1,0,Graduate,1,0,https://www.myneta.info/delhi2017/candidate.php?candidate_id=2714,FALSE
2017,83-S,Graduate Professional,1,2,Graduate Professional,1,2,https://www.myneta.info/delhi2017/candidate.php?candidate_id=117,FALSE
2017,84-S,8th Pass,0,0,8th Pass,0,0,https://www.myneta.info/delhi2017/candidate.php?candidate_id=120,FALSE
2017,85-S,10th Pass,0,0,10th Pass,0,0,https://www.myneta.info/delhi2017/candidate.php?candidate_id=2879,FALSE
2017,10-N,10th Pass,0,0,10th Pass,0,0,https://www.myneta.info/delhi2017/candidate.php?candidate_id=1926,FALSE
2017,65-N,10th Pass,0,0,10th Pass,0,0,https://www.myneta.info/delhi2017/candidate.php?candidate_id=1639,FALSE
2017,101-S,Graduate,1,0,Graduate,1,0,https://www.myneta.info/delhi2017/candidate.php?candidate_id=3024,FALSE
2017,19-N,12th Pass,0,0,12th Pass,0,0,https://www.myneta.info/delhi2017/candidate.php?candidate_id=2465,FALSE
2017,73-N,10th Pass,0,0,10th Pass,0,0,https://www.myneta.info/delhi2017/candidate.php?candidate_id=1679,FALSE
2017,42-E,5th Pass,0,0,5th Pass,0,0,https://www.myneta.info/delhi2017/candidate.php?candidate_id=747,FALSE
2017,31-E,Graduate Professional,1,0,Graduate Professional,1,0,https://www.myneta.info/delhi2017/candidate.php?candidate_id=784,FALSE
2017,15-E,10th Pass,0,0,10th Pass,0,0,https://www.myneta.info/delhi2017/candidate.php?candidate_id=2283,FALSE
2017,69-N,8th Pass,0,0,8th Pass,0,0,https://www.myneta.info/delhi2017/candidate.php?candidate_id=1665,FALSE
2017,62-N,5th Pass,0,0,5th Pass,0,0,https://www.myneta.info/delhi2017/candidate.php?candidate_id=1841,FALSE
2017,63-N,Graduate,1,0,Graduate,1,0,https://www.myneta.info/delhi2017/candidate.php?candidate_id=1636,FALSE
2017,79-N,5th Pass,0,0,5th Pass,0,0,https://www.myneta.info/delhi2017/candidate.php?candidate_id=1694,FALSE
2017,25-E,Graduate,1,0,Graduate,1,0,https://www.myneta.info/delhi2017/candidate.php?candidate_id=2338,FALSE
2017,56-E,Graduate,1,0,Graduate,1,0,https://www.myneta.info/delhi2017/candidate.php?candidate_id=2728,FALSE
2017,56-S,Post Graduate,1,0,Post Graduate,1,0,https://www.myneta.info/delhi2017/candidate.php?candidate_id=452,FALSE
2017,17-S,Graduate,1,0,Graduate,1,0,https://www.myneta.info/delhi2017/candidate.php?candidate_id=373,FALSE
2017,60-E,Post Graduate,1,0,Post Graduate,1,0,https://www.myneta.info/delhi2017/candidate.php?candidate_id=704,FALSE
2017,89-S,Graduate,1,0,Graduate,1,0,https://www.myneta.info/delhi2017/candidate.php?candidate_id=1449,FALSE
2017,64-E,8th Pass,0,0,8th Pass,0,0,https://www.myneta.info/delhi2017/candidate.php?candidate_id=6,FALSE
2017,48-E,Post Graduate,1,0,Post Graduate,1,0,https://www.myneta.info/delhi2017/candidate.php?candidate_id=2676,FALSE
2017,9-S,10th Pass,0,0,10th Pass,0,0,https://www.myneta.info/delhi2017/candidate.php?candidate_id=2024,FALSE
2017,45-N,10th Pass,0,0,10th Pass,0,0,https://www.myneta.info/delhi2017/candidate.php?candidate_id=1401,FALSE
2017,47-N,10th Pass,0,0,10th Pass,0,0,https://www.myneta.info/delhi2017/candidate.php?candidate_id=1421,FALSE
2017,48-N,8th Pass,0,0,8th Pass,0,0,https://www.myneta.info/delhi2017/candidate.php?candidate_id=1437,FALSE
2017,33-E,12th Pass,0,0,12th Pass,0,0,https://www.myneta.info/delhi2017/candidate.php?candidate_id=2387,FALSE
2017,20-N,10th Pass,0,0,10th Pass,0,0,https://www.myneta.info/delhi2017/candidate.php?candidate_id=2474,FALSE
2017,6-S,Post Graduate,1,0,Post Graduate,1,0,https://www.myneta.info/delhi2017/candidate.php?candidate_id=347,FALSE
2017,75-S,10th Pass,0,0,10th Pass,0,0,https://www.myneta.info/delhi2017/candidate.php?candidate_id=196,FALSE
2017,13-S,8th Pass,0,0,8th Pass,0,0,https://www.myneta.info/delhi2017/candidate.php?candidate_id=2046,FALSE
2017,12-N,12th Pass,0,0,12th Pass,0,0,https://www.myneta.info/delhi2017/candidate.php?candidate_id=907,FALSE
2017,71-N,12th Pass,0,0,NA,NA,NA,NA,NA
2017,2-E,12th Pass,0,0,12th Pass,0,0,https://www.myneta.info/delhi2017/candidate.php?candidate_id=2201,FALSE
2017,3-E,5th Pass,0,0,5th Pass,0,0,https://www.myneta.info/delhi2017/candidate.php?candidate_id=2211,FALSE
2017,93-S,8th Pass,0,0,8th Pass,0,0,https://www.myneta.info/delhi2017/candidate.php?candidate_id=1357,FALSE
2017,82-S,Post Graduate,1,0,Post Graduate,1,0,https://www.myneta.info/delhi2017/candidate.php?candidate_id=1290,FALSE
2017,28-S,Graduate Professional,1,0,Graduate Professional,1,0,https://www.myneta.info/delhi2017/candidate.php?candidate_id=2699,FALSE
2017,69-S,12th Pass,0,1,12th Pass,0,1,https://www.myneta.info/delhi2017/candidate.php?candidate_id=1188,FALSE
2017,64-S,12th Pass,0,0,12th Pass,0,0,https://www.myneta.info/delhi2017/candidate.php?candidate_id=808,FALSE
2017,26-N,Graduate,1,0,Graduate,1,0,https://www.myneta.info/delhi2017/candidate.php?candidate_id=983,FALSE
2017,23-S,12th Pass,0,0,12th Pass,0,0,https://www.myneta.info/delhi2017/candidate.php?candidate_id=2074,FALSE
2017,20-S,12th Pass,0,0,12th Pass,0,0,https://www.myneta.info/delhi2017/candidate.php?candidate_id=2531,FALSE
2017,10-E,Post Graduate,1,0,Post Graduate,1,0,https://www.myneta.info/delhi2017/candidate.php?candidate_id=53,FALSE
2017,7-S,12th Pass,0,1,12th Pass,0,1,https://www.myneta.info/delhi2017/candidate.php?candidate_id=349,FALSE
2017,17-E,Graduate,1,0,Graduate,1,0,https://www.myneta.info/delhi2017/candidate.php?candidate_id=2298,FALSE
2017,29-E,Graduate Professional,1,0,Graduate Professional,1,0,https://www.myneta.info/delhi2017/candidate.php?candidate_id=2360,FALSE
2017,72-N,12th Pass,0,0,12th Pass,0,0,https://www.myneta.info/delhi2017/candidate.php?candidate_id=1678,FALSE
2017,39-E,Post Graduate,1,0,Post Graduate,1,0,https://www.myneta.info/delhi2017/candidate.php?candidate_id=2518,FALSE
2017,98-N,Graduate,1,0,Graduate,1,0,https://www.myneta.info/delhi2017/candidate.php?candidate_id=1766,FALSE
2017,45-E,10th Pass,0,2,10th Pass,0,2,https://www.myneta.info/delhi2017/candidate.php?candidate_id=617,FALSE
2017,100-S,Graduate,1,9,Graduate,1,9,https://www.myneta.info/delhi2017/candidate.php?candidate_id=3000,FALSE
