tier,geography,outcome,estimate,se,conf_low,conf_high,p,n,clusters,primary,state,year
gp_head,block_id,graduate_plus,-0.14974748714124042,0.00796688625578239,-0.16539858609815167,-0.13409638818432917,1.4057847028739932e-60,7873,523,TRUE,Bihar,2016
gp_head,block_id,illiterate,0.01498859429940245,0.00295380532409919,0.00918578778972327,0.02079140080908164,5.415196812422267e-7,7873,523,TRUE,Bihar,2016
gp_head,block_id,age,-3.6220730979604823,0.23966036714366296,-4.092888336795759,-3.1512578591252063,4.415747007435965e-43,7934,524,TRUE,Bihar,2016
kachahari_member,block_id,graduate_plus,-0.02812250280504966,0.00128577937949453,-0.03064852054044254,-0.02559648506965678,1.7238134461398363e-75,85355,516,TRUE,Bihar,2016
kachahari_member,block_id,illiterate,0.148099272417289,0.00435026009178342,0.13955283410861374,0.15664571072596428,6.31036652841028e-134,85355,516,TRUE,Bihar,2016
kachahari_member,block_id,age,-2.9155255006309586,0.10490645604438648,-3.121622730646818,-2.709428270615099,1.5752488903300063e-104,85376,516,TRUE,Bihar,2016
block_member,block_id,graduate_plus,-0.10752185824585274,0.00629625508743944,-0.11989119259781612,-0.09515252389388935,3.390872444124785e-52,10743,519,TRUE,Bihar,2016
block_member,block_id,illiterate,0.03224464997175384,0.00371008040252528,0.02495599594897581,0.03953330399453186,4.736483861508385e-17,10743,519,TRUE,Bihar,2016
block_member,block_id,age,-2.6713135144088076,0.2101754435502069,-3.08421456395983,-2.258412464857785,2.0953564221900769e-32,10775,519,TRUE,Bihar,2016
kachahari_head,block_id,graduate_plus,-0.12124028737261754,0.00659518814279793,-0.13419677521031576,-0.10828379953491932,1.610070694217989e-58,7841,521,TRUE,Bihar,2016
kachahari_head,block_id,illiterate,0.04667208618620903,0.0048585905283105,0.03712720774977598,0.05621696462264208,3.1950477231300783e-20,7841,521,TRUE,Bihar,2016
kachahari_head,block_id,age,-5.648954141995724,0.26303095756435235,-6.165688059032224,-5.132220224959225,1.0152891786314478e-73,7871,521,TRUE,Bihar,2016
gp_ward,block_id,graduate_plus,-0.04558266148039627,0.00159358711811305,-0.04871337815797834,-0.04245194480281419,1.6200902129831204e-108,97200,517,TRUE,Bihar,2016
gp_ward,block_id,illiterate,0.11541817531117644,0.00398783204567147,0.10758379201899532,0.12325255860335754,3.8207892167098084e-110,97200,517,TRUE,Bihar,2016
gp_ward,block_id,age,-1.9979877850045176,0.08647617480450723,-2.1678764591766235,-1.828099110832412,1.2815369171530347e-81,97211,517,TRUE,Bihar,2016
zp_member,district,graduate_plus,-0.126714058188973,0.02833316594056421,-0.18412250547149728,-0.06930561090644871,7.103886372268991e-5,888,38,TRUE,Bihar,2016
zp_member,district,illiterate,0.01271323647312629,0.00825636561180779,-0.00401574930153137,0.02944222224778395,0.13211619914494965,888,38,TRUE,Bihar,2016
zp_member,district,age,-4.166460536370737,0.7108568242475464,-5.606793275953923,-2.7261277967875506,9.68026241704831e-7,891,38,TRUE,Bihar,2016
gp_head,block_id,age,-3.157546918166674,0.2291119768601152,-3.607622076134837,-2.707471760198511,3.6186424190797025e-37,8050,533,TRUE,Bihar,2021
kachahari_head,block_id,age,-6.182789665284358,0.26237983921145835,-6.698217314240741,-5.667362016327975,1.2886849318326262e-84,8043,533,TRUE,Bihar,2021
block_member,block_id,age,-2.3064537399507974,0.2142374101440477,-2.72730880625815,-1.885598673643445,1.3786897330105886e-24,10972,533,TRUE,Bihar,2021
zp_member,district,age,-3.9016272581466978,0.5614055670013343,-5.039142986707384,-2.7641115295860104,3.3075791087605945e-8,1144,38,TRUE,Bihar,2021
kachahari_member,block_id,age,-3.220602891549152,0.09227070478032053,-3.401862521006201,-3.039343262092103,1.1042753417124207e-139,106636,533,TRUE,Bihar,2021
gp_ward,block_id,age,-0.4642912337646834,0.0802320293941767,-0.6219016904442907,-0.3066807770850761,1.2257470758522729e-8,109501,533,TRUE,Bihar,2021
gp_head,district,graduate_plus,-0.13089570191008962,0.00691249276534495,-0.14467882101483007,-0.11711258280534916,1.8179696232447117e-29,51566,72,NA,Uttar Pradesh,2010
gp_head,district,illiterate,0.062755062101749,0.00581547658066235,0.05115933114287573,0.07435079306062227,1.2797231517697963e-16,51566,72,NA,Uttar Pradesh,2010
gp_head,district,age,-1.4186854440577297,0.10817572363369476,-1.6343817107590366,-1.2029891773564227,1.1979715501723583e-20,51662,72,NA,Uttar Pradesh,2010
gp_head,block_id,graduate_plus,-0.09068228662791376,0.00303281176899281,-0.09663525376793232,-0.0847293194878952,1.6130827892281107e-133,59019,823,NA,Uttar Pradesh,2015
gp_head,block_id,illiterate,0.0934937924958036,0.00351553955900062,0.08659330111413237,0.10039428387747486,6.327493513241369e-113,59019,823,NA,Uttar Pradesh,2015
gp_head,block_id,graduate_plus,-0.07411924685558516,0.00357670248273506,-0.08114114515532507,-0.06709734855584525,2.5613577346692695e-75,47228,728,NA,Uttar Pradesh,2021
gp_head,block_id,illiterate,0.08242917874215919,0.00360338549295259,0.07535489549148112,0.08950346199283725,1.1587179943254177e-87,47228,728,NA,Uttar Pradesh,2021
gp_head,block_id,age,-1.2911289608874368,0.10680527851756463,-1.500812547164436,-1.0814453746104375,8.729090532436265e-31,49757,728,NA,Uttar Pradesh,2021
gp_head,block_id,log_assets,-0.09624839414560904,0.02382191147936062,-0.14301634326100873,-0.04948044503020937,5.90581850938965e-5,49771,728,NA,Uttar Pradesh,2021
gp_head,block_id,criminal_record,-4.134471682530156e-4,4.091438432725508e-4,-0.0012167122078404,3.898178713343704e-4,0.31258860189816196,42720,717,NA,Uttar Pradesh,2021
gp_head,block_id,graduate_plus,-0.0693858074040786,0.0105574613558075,-0.09014964766048938,-0.0486219671476678,1.7945412393019127e-10,7748,352,NA,Rajasthan,2020
gp_head,block_id,illiterate,8.200052576381238e-4,7.953877041230017e-4,-7.443199786781341e-4,0.00238433049395438,0.3032739401836055,7748,352,NA,Rajasthan,2020
gp_head,block_id,age,-1.6702487080464248,0.30271455552208976,-2.2656112163537365,-1.0748861997391133,6.685594404015277e-8,11113,352,NA,Rajasthan,2020
gp_head,block_id,no_earnings,0.5108523362389115,0.01455532123199688,0.4822257228177145,0.5394789496601085,7.660285274703754e-117,11128,352,NA,Rajasthan,2020
gp_head,block_id,no_earnings_social_missing,0.5108523362389115,0.01455532123199688,0.4822257228177145,0.5394789496601085,7.660285274703754e-117,11128,352,NA,Rajasthan,2020
gp_head,block_id,log_assets,-0.6367915471860724,0.06608661551087099,-0.7667671048801322,-0.5068159894920127,1.1916400050557703e-19,11128,352,NA,Rajasthan,2020
block_member,block_id,graduate_plus,-0.04079352907420155,0.01933009782535721,-0.07899005710312848,-0.00259700104527461,0.03649754269580953,1913,150,NA,Kerala,2010
block_member,block_id,age,-4.878896746854854,0.46886374379657336,-5.805327117686647,-3.95246637602306,1.9863278553560132e-19,1980,151,NA,Kerala,2010
block_member,block_id,no_earnings,0.3876886540191602,0.02612297604969337,0.3360721263836865,0.4393051816546339,3.115497383885641e-31,1690,151,NA,Kerala,2010
block_member,block_id,no_earnings_social_missing,0.4193195111995469,0.02716486732994771,0.36564137538539176,0.47299764701370206,1.031328270827066e-32,1530,150,NA,Kerala,2010
gp_ward,district,graduate_plus,-0.00524102788334136,0.0086010192596239,-0.02382240030546565,0.01334034453878292,0.5527938306269553,15024,14,NA,Kerala,2010
gp_ward,district,age,-4.8442501796577355,0.4872260442894149,-5.896838054352939,-3.791662304962532,1.923642611246431e-7,14793,14,NA,Kerala,2010
gp_ward,district,no_earnings,0.545053763800198,0.01978742155139184,0.5023056384883547,0.5878018891120412,6.483991866587644e-13,13992,14,NA,Kerala,2010
gp_ward,district,no_earnings_social_missing,0.5759815202690973,0.01970829523576923,0.5334043369694265,0.6185587035687682,3.0379567223782866e-13,13153,14,NA,Kerala,2010
zp_member,district,graduate_plus,-0.04250679502697142,0.04561893693410752,-0.1410605165205701,0.05604692646662728,0.36843282136249345,302,14,NA,Kerala,2010
zp_member,district,age,-4.21190295541262,1.4152973548076493,-7.269467000313765,-1.154338910511476,0.0107227602836811,330,14,NA,Kerala,2010
zp_member,district,no_earnings,0.12369508239881127,0.0530168689014207,0.00915910056038506,0.2382310642372375,0.03635072501212818,241,14,NA,Kerala,2010
zp_member,district,no_earnings_social_missing,0.16859437445510703,0.04910708171629822,0.06250497430485931,0.27468377460535476,0.0044493515907697,199,14,NA,Kerala,2010
block_member,block_id,graduate_plus,-0.01219081478275942,0.0192773190928278,-0.05028729488020946,0.02590566531469061,0.5281134138476323,1815,148,NA,Kerala,2015
block_member,block_id,age,-3.919187942872514,0.4896362344517361,-4.886662788725843,-2.951713097019184,3.048224300197052e-13,2029,151,NA,Kerala,2015
block_member,block_id,no_earnings,0.353467495271345,0.02489805831332537,0.3042686039453403,0.40266638659734977,1.785836323271055e-29,1654,150,NA,Kerala,2015
block_member,block_id,no_earnings_social_missing,0.4049541234998744,0.02671606095762727,0.3521628349916553,0.45774541200809343,5.443950379216211e-32,1453,150,NA,Kerala,2015
gp_ward,district,graduate_plus,-0.00146047366133518,0.00663104162194904,-0.0157859681410941,0.01286502081842372,0.8290990704781138,14121,14,NA,Kerala,2015
gp_ward,district,age,-4.231007568413602,0.4570998472629875,-5.21851175131449,-3.2435033855127147,4.377445634690777e-7,15724,14,NA,Kerala,2015
gp_ward,district,no_earnings,0.501829742120718,0.02437301404518419,0.4491750465139746,0.5544844377274613,2.6318021481320424e-11,12647,14,NA,Kerala,2015
gp_ward,district,no_earnings_social_missing,0.5306351067953642,0.01949450808600326,0.4885197825532023,0.5727504310375261,7.549838050331437e-13,11842,14,NA,Kerala,2015
zp_member,district,graduate_plus,-0.0781523958487575,0.0612852536140508,-0.21055113685992588,0.05424634516241089,0.2245489421880631,295,14,NA,Kerala,2015
zp_member,district,age,-3.0428318611676644,1.2651351906322448,-5.775990273197645,-0.3096734491376836,0.03177751567335722,327,14,NA,Kerala,2015
zp_member,district,no_earnings,0.15115597443544906,0.03918116573538401,0.06651021205705154,0.2358017368138466,0.00197779411739477,240,14,NA,Kerala,2015
zp_member,district,no_earnings_social_missing,0.16473481287811165,0.04205249626433261,0.07388591802262882,0.25558370773359446,0.00176719420795121,214,14,NA,Kerala,2015
block_member,block_id,graduate_plus,-0.03540101783610774,0.01984634643594202,-0.07461982944422361,0.00381779377200812,0.07651270285522081,1850,149,NA,Kerala,2020
block_member,block_id,age,-3.1258549765869015,0.4547360277810056,-4.024321930897854,-2.227388022275949,1.5393645224639656e-10,2070,152,NA,Kerala,2020
block_member,block_id,no_earnings,0.3072565518252234,0.02629132215605938,0.25530455278597836,0.3592085508644684,8.369665421562972e-23,1637,150,NA,Kerala,2020
block_member,block_id,no_earnings_social_missing,0.34790853699731084,0.02762850896237582,0.2933142392077524,0.40250283478686927,3.210632873517149e-25,1490,150,NA,Kerala,2020
gp_ward,district,graduate_plus,0.01960588669141431,0.01284780151773691,-0.00815010101195959,0.04736187439478823,0.15096271422525093,13457,14,NA,Kerala,2020
gp_ward,district,age,-3.454522158852587,0.4668396683308959,-4.46306794590814,-2.445976371797034,5.195820596600882e-6,15860,14,NA,Kerala,2020
gp_ward,district,no_earnings,0.4096790508387138,0.02432882686589711,0.3571198158291198,0.46223828584830784,3.28805102981707e-10,12267,14,NA,Kerala,2020
gp_ward,district,no_earnings_social_missing,0.4434200277180995,0.01925327683448722,0.40182585191067216,0.4850142035255269,6.359409740680939e-12,11463,14,NA,Kerala,2020
zp_member,district,graduate_plus,-0.01750683776320422,0.064096244983214,-0.15597835642190022,0.12096468089549178,0.7890414178133406,282,14,NA,Kerala,2020
zp_member,district,age,-3.61163367336663,1.1257888162417435,-6.043752545771643,-1.1795148009616176,0.00685989381467479,331,14,NA,Kerala,2020
zp_member,district,no_earnings,0.00207881959614749,0.04867178347929959,-0.10307017588667489,0.10722781507896983,0.966580973801518,217,14,NA,Kerala,2020
zp_member,district,no_earnings_social_missing,0.0090714361343285,0.0534576480964654,-0.10641679126149316,0.1245596635301502,0.8678631094821777,205,14,NA,Kerala,2020
