setting,election,estimate,se,northern,yi,vi
Bihar,Bihar 2016,-0.14974748714124042,0.00796688625578239,1,-14.974748714124042,0.6347127661257433
Uttar Pradesh,Uttar Pradesh 2010,-0.13089570191008962,0.00691249276534495,1,-13.089570191008962,0.4778255623094627
Uttar Pradesh,Uttar Pradesh 2015,-0.09068228662791376,0.00303281176899281,1,-9.068228662791377,0.09197947226141295
Uttar Pradesh,Uttar Pradesh 2021,-0.07411924685558516,0.00357670248273506,1,-7.411924685558516,0.12792800650003144
Rajasthan,Rajasthan 2020,-0.0693858074040786,0.0105574613558075,1,-6.938580740407859,1.1145999027936875
Kerala,Kerala 2010,-0.00524102788334136,0.0086010192596239,0,-0.5241027883341359,0.7397753230442126
Kerala,Kerala 2015,-0.00146047366133518,0.00663104162194904,0,-0.14604736613351801,0.4397071299202055
Kerala,Kerala 2020,0.01960588669141431,0.01284780151773691,0,1.9605886691414312,1.6506600383916283
Mumbai,Mumbai 2012 and 2017,0.08427424225079957,0.04493396645578611,0,8.427424225079957,20.19061341449711
Delhi,Delhi 2012,-0.00583049906295551,0.0690956408031295,0,-0.583049906295551,47.74207577995094
Delhi,Delhi 2017,0.01060097921674096,0.05766213866990508,0,1.060097921674096,33.24922235987362
Delhi,Delhi 2022,-0.03382811195501582,0.06273224515600852,0,-3.382811195501582,39.35334582313554
