year,tier,quota,n,education_n,graduate_plus,illiterate,age_n,age,occupation_n,no_earnings,assets_n,median_assets,criminal_n,criminal_record
2010,block_member,0,983,895,0.26927374301675977,NA,939,46.45686900958465,855,0.1111111111111111,0,NA,0,NA
2010,block_member,1,1095,1018,0.2406679764243615,NA,1041,42.01248799231509,835,0.5101796407185629,0,NA,0,NA
2010,gp_ward,0,8047,7218,0.15890828484344693,NA,7177,44.760484882262794,7134,0.12111017661900757,0,NA,0,NA
2010,gp_ward,1,8594,7806,0.15744299256981809,NA,7616,40.051601890756224,6858,0.6647710702828813,0,NA,0,NA
2010,zp_member,0,162,142,0.5352112676056338,NA,161,48.27950310559006,124,0.12096774193548387,0,NA,0,NA
2010,zp_member,1,169,160,0.49375,NA,169,44.10650887573964,117,0.26495726495726496,0,NA,0,NA
2015,block_member,0,1021,892,0.26121076233183854,NA,1004,47.81474103585657,879,0.11035267349260523,0,NA,0,NA
2015,block_member,1,1041,923,0.24810400866738894,NA,1025,44.57463414634145,775,0.48258064516129034,0,NA,0,NA
2015,gp_ward,0,7725,6768,0.15750591016548462,NA,7622,46.00485436893202,6598,0.13670809336162473,0,NA,0,NA
2015,gp_ward,1,8196,7353,0.1587107303141575,NA,8102,41.92001974821024,6049,0.6366341544056869,0,NA,0,NA
2015,zp_member,0,164,141,0.5390070921985816,NA,161,48.45962732919254,132,0.08333333333333333,0,NA,0,NA
2015,zp_member,1,167,154,0.461038961038961,NA,166,45.59036144578313,108,0.25,0,NA,0,NA
2020,block_member,0,980,869,0.2761795166858458,NA,978,48.502044989775044,826,0.12953995157384987,0,NA,0,NA
2020,block_member,1,1098,981,0.25076452599388377,NA,1092,45.67948717948718,811,0.44636251541307026,0,NA,0,NA
2020,gp_ward,0,7726,6472,0.17475278121137205,NA,7680,47.159375,6448,0.10313275434243176,0,NA,0,NA
2020,gp_ward,1,8226,6985,0.19584824624194702,NA,8180,43.86662591687045,5819,0.5107406770922839,0,NA,0,NA
2020,zp_member,0,166,143,0.5174825174825175,NA,166,49.1566265060241,123,0.13821138211382114,0,NA,0,NA
2020,zp_member,1,165,139,0.5323741007194245,NA,165,45.55151515151515,94,0.14893617021276595,0,NA,0,NA
