state,year,tier,geography,outcome,estimate,se,conf_low,conf_high,p,n,clusters
kerala,2010,block_member,block_id,graduate_plus,-0.04079352907420155,0.019330097825357218,-0.07899005710312848,-0.002597001045274612,0.03649754269580953,1913,150
kerala,2010,block_member,block_id,age,-4.878896746854854,0.46886374379657336,-5.805327117686647,-3.95246637602306,1.9863278553560132e-19,1980,151
kerala,2010,block_member,block_id,no_earnings,0.3876886540191602,0.026122976049693374,0.3360721263836865,0.4393051816546339,3.115497383885641e-31,1690,151
kerala,2010,block_member,block_id,no_earnings_social_missing,0.4193195111995469,0.027164867329947714,0.36564137538539176,0.47299764701370206,1.031328270827066e-32,1530,150
kerala,2010,gp_ward,district,graduate_plus,-0.0052410278833413615,0.008601019259623904,-0.02382240030546565,0.013340344538782929,0.5527938306269553,15024,14
kerala,2010,gp_ward,district,age,-4.8442501796577355,0.48722604428941485,-5.896838054352939,-3.7916623049625318,1.9236426112464308e-7,14793,14
kerala,2010,gp_ward,district,no_earnings,0.545053763800198,0.01978742155139184,0.5023056384883547,0.5878018891120412,6.483991866587643e-13,13992,14
kerala,2010,gp_ward,district,no_earnings_social_missing,0.5759815202690973,0.01970829523576923,0.5334043369694265,0.6185587035687682,3.0379567223782866e-13,13153,14
kerala,2010,zp_member,district,graduate_plus,-0.04250679502697142,0.045618936934107526,-0.1410605165205701,0.05604692646662728,0.36843282136249345,302,14
kerala,2010,zp_member,district,age,-4.21190295541262,1.4152973548076493,-7.269467000313765,-1.154338910511476,0.0107227602836811,330,14
kerala,2010,zp_member,district,no_earnings,0.12369508239881127,0.053016868901420704,0.009159100560385061,0.2382310642372375,0.03635072501212818,241,14
kerala,2010,zp_member,district,no_earnings_social_missing,0.16859437445510703,0.049107081716298226,0.06250497430485931,0.27468377460535476,0.004449351590769701,199,14
kerala,2015,block_member,block_id,graduate_plus,-0.012190814782759421,0.019277319092827806,-0.05028729488020946,0.025905665314690615,0.5281134138476323,1815,148
kerala,2015,block_member,block_id,age,-3.919187942872514,0.4896362344517361,-4.886662788725843,-2.951713097019184,3.048224300197052e-13,2029,151
kerala,2015,block_member,block_id,no_earnings,0.353467495271345,0.024898058313325373,0.3042686039453403,0.40266638659734977,1.7858363232710553e-29,1654,150
kerala,2015,block_member,block_id,no_earnings_social_missing,0.40495412349987436,0.02671606095762727,0.3521628349916553,0.45774541200809343,5.44395037921621e-32,1453,150
kerala,2015,gp_ward,district,graduate_plus,-0.0014604736613351855,0.006631041621949046,-0.0157859681410941,0.012865020818423728,0.8290990704781138,14121,14
kerala,2015,gp_ward,district,age,-4.231007568413602,0.4570998472629875,-5.21851175131449,-3.2435033855127147,4.3774456346907767e-7,15724,14
kerala,2015,gp_ward,district,no_earnings,0.501829742120718,0.024373014045184195,0.4491750465139746,0.5544844377274613,2.6318021481320424e-11,12647,14
kerala,2015,gp_ward,district,no_earnings_social_missing,0.5306351067953642,0.019494508086003268,0.4885197825532023,0.5727504310375261,7.549838050331436e-13,11842,14
kerala,2015,zp_member,district,graduate_plus,-0.0781523958487575,0.0612852536140508,-0.21055113685992588,0.05424634516241089,0.2245489421880631,295,14
kerala,2015,zp_member,district,age,-3.0428318611676644,1.2651351906322448,-5.775990273197645,-0.3096734491376836,0.03177751567335722,327,14
kerala,2015,zp_member,district,no_earnings,0.15115597443544906,0.03918116573538401,0.06651021205705154,0.23580173681384659,0.001977794117394771,240,14
kerala,2015,zp_member,district,no_earnings_social_missing,0.16473481287811165,0.04205249626433261,0.07388591802262882,0.25558370773359446,0.001767194207951219,214,14
kerala,2020,block_member,block_id,graduate_plus,-0.035401017836107745,0.01984634643594202,-0.07461982944422361,0.003817793772008124,0.07651270285522081,1850,149
kerala,2020,block_member,block_id,age,-3.1258549765869015,0.45473602778100564,-4.024321930897854,-2.2273880222759486,1.5393645224639656e-10,2070,152
kerala,2020,block_member,block_id,no_earnings,0.3072565518252234,0.026291322156059387,0.25530455278597836,0.3592085508644684,8.369665421562972e-23,1637,150
kerala,2020,block_member,block_id,no_earnings_social_missing,0.34790853699731084,0.027628508962375828,0.2933142392077524,0.40250283478686927,3.210632873517149e-25,1490,150
kerala,2020,gp_ward,district,graduate_plus,0.019605886691414314,0.012847801517736913,-0.008150101011959596,0.04736187439478823,0.15096271422525093,13457,14
kerala,2020,gp_ward,district,age,-3.454522158852587,0.4668396683308959,-4.46306794590814,-2.445976371797034,5.195820596600882e-6,15860,14
kerala,2020,gp_ward,district,no_earnings,0.4096790508387138,0.024328826865897112,0.3571198158291198,0.46223828584830784,3.28805102981707e-10,12267,14
kerala,2020,gp_ward,district,no_earnings_social_missing,0.4434200277180995,0.019253276834487222,0.40182585191067216,0.4850142035255269,6.359409740680939e-12,11463,14
kerala,2020,zp_member,district,graduate_plus,-0.01750683776320422,0.064096244983214,-0.15597835642190022,0.12096468089549178,0.7890414178133406,282,14
kerala,2020,zp_member,district,age,-3.61163367336663,1.1257888162417435,-6.043752545771643,-1.1795148009616176,0.006859893814674795,331,14
kerala,2020,zp_member,district,no_earnings,0.0020788195961474903,0.04867178347929959,-0.10307017588667487,0.10722781507896985,0.966580973801518,217,14
kerala,2020,zp_member,district,no_earnings_social_missing,0.009071436134328502,0.0534576480964654,-0.10641679126149317,0.12455966353015019,0.8678631094821777,205,14
