year,tier,occupation,no_earnings,records
2020,gp_head,agriculture labour,0,1668
2020,gp_head,animal husbandry,0,24
2020,gp_head,contractor / commission agent,0,62
2020,gp_head,farmer,0,3473
2020,gp_head,other services(please mention below),0,629
2020,gp_head,own bussiness,0,598
2020,gp_head,pensioner,0,138
2020,gp_head,professional service,0,59
2020,gp_head,service(excluding govt service),0,67
2020,gp_head,skilled worker,0,117
2020,gp_head,transport bussiness,0,12
2020,gp_head,unemployed,1,3856
2020,gp_head,unskilled worker,0,425
2020,gp_head,NA,NA,176
