path,sha256,bytes,source_revision,state_source_provider,state_source_ref
../local_elections/data/master/master_bihar.parquet,635df77b12d237b2284bab554a41596a4a1cdb2234f8e9d7f833b2643d79b69a,13964163,,,
../local_elections/data/master/candidates_bihar.parquet,ea924cf74a22c8f71da92010d5de58570d6eced2e5bff7ecd555519da6b9826c,47937805,,,
../local_elections/data/master/master_uttar_pradesh.parquet,206498b7125062f14574781b5123c24271a7bf19fa4761b26b6f049e5e4ef1b5,9810788,,local_elections_up,42fb6190469688fd558596460aef44282e37f6d2
../local_elections/data/master/candidates_uttar_pradesh.parquet,56ca0eb876dac263abe6b36a29dedb8fcfde32626fc8f9e9333cee24e07f4a3e,11851905,,local_elections_up,42fb6190469688fd558596460aef44282e37f6d2
../local_elections/data/master/master_rajasthan.parquet,4c09ed34424ea81edfed82facf569430051ae5d514eebc50c613b989cf032643,4873491,,local_elections_rajasthan,b543c4759519dd44682fbd278d81bdccaa152e99
../local_elections/data/master/master_kerala.parquet,0913e6b4072aa367ff362d29c876e43dd12f5dbd9e9f652ca2ede9e3d439c7ce,1958518,,,
../local_elections/data/master/master_extras.parquet,42327b975d3595d43ec57834222cee6536ee381b9a9ccd172286a953b3dd5478,22026803,,,
../local_elections/data/maharashtra/mumbai/praja_ward_ratings_2011_2018.csv,2f4bbbadd1783e84e57d55bce8a29764f37e89c5e40b0b8522fe0d4bc2cc1032,568563,,,
../local_elections/data/delhi/delhi_2012_final.csv,3800f3abca2472ed723beafce58cc0eee9b65bf5cd12a2666550cddca5def8ca,267175,5f2261a57435c6029a15697b96432012ee20b5de,,
../local_elections/data/delhi/delhi_2017_final.csv,03ed0af1d7a6032dac6866e65c0a9c2001248171ab4ca9ea49521e699fc2319c,291984,5f2261a57435c6029a15697b96432012ee20b5de,,
../local_elections/data/delhi/release/winners.parquet,e975369320e2cdf4dc4ed20c37d49e787d153577678904ec01e92749b373ebf9,95186,d806f279f5ddba4952580e1ea63d90c11cda573e,,
