claim,estimand,universe,comparison_and_uncertainty,producer_or_artifact,consumer,verdict
target,Female reservation -> qualification of elected official,All elected seats in each state/year/office,Seat reserved for women vs open to either sex,R/rural.R; R/urban.R,manuscript/main.Rmd,Conditional causal interpretation; no verified assignment mechanism
rural education,Graduate share difference by office and election,Classifiable education among unambiguous winners with known reservation,Geography and caste fixed effects,R/analysis.R,Rural figures; complete rural tables,Supported as adjusted comparisons; outcome missingness limits all-winner claims
missing education,Bounds on all-winner adjusted graduate coefficient,Eligible winners including unknown schooling,All 0/1 assignments to unknown schooling with fixed covariate design,R/rural.R; R/analysis.R,Measurement appendix,UP bounds negative; Rajasthan and Kerala permit either sign; not sampling intervals
urban education and cases,Graduate and pending-case differences in Mumbai,One age-observed councillor spell; 2012 and 2017,Administrative-ward and council effects; ward-clustered uncertainty,R/urban.R; R/analysis.R,Mumbai figure,Cases are allegations; education interval crosses zero
literature,External reported qualification comparisons,Source-specific samples; candidates distinguished from winners,Source table and version identified,evidence/literature/studies/*.yaml; evidence/sources.csv; manuscript/references.bib,Related literature section; literature appendix table,Transcribed from source tables and checked against source PDF text; not replicated; Birbhum samples overlap; computed SEs ignore clustering
attribute relevance,Links between politician attributes and governing outcomes,Source-specific local and higher-office samples; India and international comparisons,Observational associations distinguished from close-election designs; no general competence ranking,evidence/sources.csv; manuscript/references.bib; source-table excerpts,Qualifications and governing performance subsection,Education evidence mixed; literacy evidence weak; criminal charges are allegations; age and income not ordinal measures of quality
Delhi education,Female seat reservation -> graduate share,Classifiable education among elected ward winners; all-winner roster retained for missing-data bounds,Separate elections in 2012/2017/2022; assembly and caste FE; assembly-clustered t(G-1) intervals,R/urban.R; R/analysis.R,Urban Delhi figure and complete Delhi appendix,Education intervals permit both signs; missing-data bounds permit both signs in 2012/2017 and remain negative in 2022; bounds omit sampling uncertainty
Delhi pending cases,Female seat reservation -> any recorded pending case,Elected winners with pending cases parsed from accusation tables; convictions separate; unknown profiles not imputed zero,Separate elections in 2012/2017/2022; assembly and caste FE; assembly-clustered t(G-1) intervals,R/urban.R; R/analysis.R,Urban Delhi text and figure,Negative adjusted pending-case differences in all three elections; all-winner missing-data bounds negative; allegations not proven misconduct
economic position,Female reservation -> no reported occupation; log declared assets; no tax ID,"Winners with occupation (Rajasthan 2020, Kerala, Delhi), assets (Rajasthan 2020, UP 2021) or PAN (Mumbai) recorded","Same controls and clustering as the education models; nil, unemployed, homemaker and student coded as no occupation; social worker sensitivity",R/analysis.R; R/rural.R; R/urban.R,Occupation section; complete economic-position table,"Large positive no-occupation gaps in village, block and city offices; small in Kerala district councils; assets lower in Rajasthan and UP"
rural criminal records,Female reservation -> any criminal history,UP 2021 village heads with known history,Block and caste effects; unknown history missing,R/rural.R,Occupation section; complete economic-position table,Rare (about 0.2%) in both seat types; estimated difference has an interval spanning zero
meta-analysis,Average standardized reserved-minus-open schooling comparison across assembled studies and settings,Four literature samples plus twelve estimates in six administrative settings,Latent-logistic conversion for thresholds; reported pooled SD for years; REML random effects for settings and estimates; containment t intervals,R/literature.R; R/paper.R; R/analysis.R,Abstract; Results synthesis; combined forest; measurement appendix,Combined difference about -0.45 SD; heterogeneous across settings; Bamezai excluded for different estimand and SD reference; Bihar appears once; checks for Birbhum choice and repeated-election dependence
deposit audit,Agreement of deposited councillor fields with MyNeta,Delhi 2012 winners (AJPS deposit); Mumbai 2012 council (CPS deposit),Agreement vs shuffled baseline; row-offset check,R/urban.R; evidence/deposit_audit.md,Data sources and affidavit-verification appendix,Delhi 2012 education at chance while assets match; Mumbai agrees
Bhavnani schooling reconstruction,Within-caste-category women-reserved minus gender-open schooling contrasts in years,Matched Odisha 2022 winners; 2014-16 REDS survey winners,Table 2 reservation columns 4 and 6; coefficient differences for SC/ST; SE ranges and normal-approximation envelopes with unreported covariance,evidence/literature/studies/bhavnani.yaml; R/literature.R bhavnani_contrasts,Related literature; schooling-synthesis appendix,Recoverable subgroup contrasts; no exact overall gender-reservation coefficient or SD pooling without additional covariance/design/variance data; no public replication package located
