offset,exact
-40,0.10674157303370786
-39,0.13440860215053763
-38,0.17297297297297298
-37,0.15730337078651685
-36,0.13333333333333333
-35,0.1388888888888889
-34,0.16292134831460675
-33,0.11891891891891893
-32,0.14754098360655737
-31,0.1813186813186813
-30,0.13259668508287292
-29,0.19170984455958548
-28,0.0898876404494382
-27,0.14516129032258066
-26,0.16201117318435754
-25,0.14893617021276595
-24,0.10106382978723404
-23,0.14594594594594595
-22,0.15384615384615385
-21,0.16111111111111112
-20,0.12568306010928962
-19,0.14814814814814814
-18,0.15555555555555556
-17,0.11229946524064172
-16,0.164021164021164
-15,0.14534883720930233
-14,0.11891891891891893
-13,0.16129032258064516
-12,0.14893617021276595
-11,0.14444444444444443
-10,0.12234042553191489
-9,0.14917127071823205
-8,0.13402061855670103
-7,0.15263157894736842
-6,0.10824742268041238
-5,0.18232044198895028
-4,0.13903743315508021
-3,0.16489361702127658
-2,0.1368421052631579
-1,0.13559322033898305
0,0.10555555555555556
1,0.14772727272727273
2,0.13636363636363635
3,0.14835164835164835
4,0.15168539325842698
5,0.164021164021164
6,0.15425531914893617
7,0.1693121693121693
8,0.1518324607329843
9,0.09230769230769231
10,0.1368421052631579
11,0.15544041450777202
12,0.1358695652173913
13,0.13513513513513514
14,0.11827956989247312
15,0.12365591397849462
16,0.15254237288135594
17,0.12631578947368421
18,0.12299465240641712
19,0.09947643979057591
20,0.15934065934065933
21,0.15846994535519127
22,0.15555555555555556
23,0.13368983957219252
24,0.16483516483516483
25,0.17989417989417988
26,0.11764705882352941
27,0.11049723756906077
28,0.1043956043956044
29,0.12365591397849462
30,0.17582417582417584
31,0.10695187165775401
32,0.14130434782608695
33,0.11827956989247312
34,0.09375
35,0.15934065934065933
36,0.19473684210526315
37,0.14606741573033707
38,0.15425531914893617
39,0.12365591397849462
40,0.15053763440860216
